/*M!999999\- enable the sandbox mode */ 
-- MariaDB dump 10.19  Distrib 10.6.22-MariaDB, for debian-linux-gnu (x86_64)
--
-- Host: dogetek.mysql.domeneshop.no    Database: dogetek
-- ------------------------------------------------------
-- Server version	5.7.44-48-log

/*!40101 SET @OLD_CHARACTER_SET_CLIENT=@@CHARACTER_SET_CLIENT */;
/*!40101 SET @OLD_CHARACTER_SET_RESULTS=@@CHARACTER_SET_RESULTS */;
/*!40101 SET @OLD_COLLATION_CONNECTION=@@COLLATION_CONNECTION */;
/*!40101 SET NAMES utf8mb4 */;
/*!40103 SET @OLD_TIME_ZONE=@@TIME_ZONE */;
/*!40103 SET TIME_ZONE='+00:00' */;
/*!40014 SET @OLD_UNIQUE_CHECKS=@@UNIQUE_CHECKS, UNIQUE_CHECKS=0 */;
/*!40014 SET @OLD_FOREIGN_KEY_CHECKS=@@FOREIGN_KEY_CHECKS, FOREIGN_KEY_CHECKS=0 */;
/*!40101 SET @OLD_SQL_MODE=@@SQL_MODE, SQL_MODE='NO_AUTO_VALUE_ON_ZERO' */;
/*!40111 SET @OLD_SQL_NOTES=@@SQL_NOTES, SQL_NOTES=0 */;

--
-- Table structure for table `ManagedService`
--

DROP TABLE IF EXISTS `ManagedService`;
/*!40101 SET @saved_cs_client     = @@character_set_client */;
/*!40101 SET character_set_client = utf8mb4 */;
CREATE TABLE `ManagedService` (
  `ID` int(255) NOT NULL AUTO_INCREMENT,
  `TerminalId` int(255) NOT NULL,
  `IsActive` int(1) NOT NULL,
  `CIRUp` int(255) NOT NULL,
  `CIRDown` int(255) NOT NULL,
  PRIMARY KEY (`ID`),
  UNIQUE KEY `ID` (`ID`)
) ENGINE=InnoDB AUTO_INCREMENT=11 DEFAULT CHARSET=latin1;
/*!40101 SET character_set_client = @saved_cs_client */;

--
-- Dumping data for table `ManagedService`
--

LOCK TABLES `ManagedService` WRITE;
set autocommit=0;
INSERT INTO `ManagedService` VALUES (1,1,1,4,4),(2,8,1,4044000,3030000),(3,10,0,1,1),(4,12,0,1,1),(5,15,0,1,1),(6,16,0,1,1),(7,17,0,1,1),(8,18,0,1,1),(9,20,0,1,1),(10,21,0,1,1);
UNLOCK TABLES;
commit;

--
-- Table structure for table `NetModem`
--

DROP TABLE IF EXISTS `NetModem`;
/*!40101 SET @saved_cs_client     = @@character_set_client */;
/*!40101 SET character_set_client = utf8mb4 */;
CREATE TABLE `NetModem` (
  `TeleportId` int(255) NOT NULL,
  `NetworkId` int(255) NOT NULL,
  `NetModemId` int(255) NOT NULL,
  `NetModemTypeId` int(255) NOT NULL,
  `NetModemName` varchar(255) NOT NULL,
  `ActiveStatus` int(255) NOT NULL,
  `UpstreamRmtProfileId` int(255) NOT NULL,
  `DownstreamRmtProfileId` int(255) NOT NULL,
  `UseDownstreamMinimumDataRate` int(255) NOT NULL,
  `UpstreamSvcGrpId` int(255) NOT NULL,
  `DownstreamSvcGrpId` int(255) NOT NULL,
  `PCMCUpstreamCIR` int(255) NOT NULL,
  `PCMCDownstreamCIR` int(255) NOT NULL,
  `UseUpstreamCIR` int(255) NOT NULL
) ENGINE=InnoDB DEFAULT CHARSET=latin1;
/*!40101 SET character_set_client = @saved_cs_client */;

--
-- Dumping data for table `NetModem`
--

LOCK TABLES `NetModem` WRITE;
set autocommit=0;
INSERT INTO `NetModem` VALUES (3,12,439,1,'XLC-M Slot 8 SN48911',1,0,0,0,-1,-1,-1,-1,0),(1,15,1110,3,'PEKAO_Wars_Leclerc',1,49,48,0,2259,2261,12800,25600,0),(1,16,1455,3,'Test (Verhagen) 180053',1,49,48,0,1179,1170,102400,409600,0),(3,12,405,3,'Arskom Trial 73456',1,49,48,1,426,419,2000,1,1),(1,16,401,3,'T11n Nit Test 46204',0,49,48,0,1179,1170,2000,1,0),(1,15,1459,3,'Minerva One (SIRM) 133611',1,49,48,1,1063,1054,51200,204800,1),(3,12,512,3,'Zamil 601 (Monarch) 107776',0,140,139,1,426,419,51200,204800,1),(1,16,513,3,'Corystes (Selex) 150660',1,49,48,1,1179,1170,12800,51200,1),(3,12,432,3,'SCC Kuwait 146358',1,49,48,1,426,419,256000,256000,1),(1,8,1442,3,'TMR-CL-Superspeed1 SN20375',1,234,233,1,5011,5012,1536000,6144000,1),(1,1,1441,3,'Trygvason (AST) 181705',1,209,208,1,400,398,12800,51200,1),(1,1,60,2,'XLC-11 SN24982',1,0,0,0,0,0,0,0,0),(3,12,167,3,'Site 1 (ANBAA) 143880',0,49,48,1,602,272,128600,256000,1),(1,16,351,3,'DP Gezina (Verhagen) 64368',1,49,48,1,1179,1170,102400,819200,1),(1,1,71,3,'Susanita L-228 (Navteam) 64763',1,118,117,0,400,398,12800,51200,0),(1,1,95,3,'Skoven Survey (Navteam) 162320',1,118,117,1,400,398,12800,51200,1),(1,15,797,3,'BS_Tarczyn1',1,49,48,0,2259,2261,12800,25600,0),(1,15,559,3,'Astrea (SRH Marine) 150455',1,49,48,1,1063,1054,51200,204800,1),(1,1,528,3,'Verve 6 (Auriga) 152735',1,49,48,1,400,398,25600,102400,1),(3,12,100,2,'XLC-11 Slot 5 SN28587',1,0,0,0,-1,-1,-1,-1,0),(1,15,1432,3,'Procida ( Arskom) 158093',1,49,48,1,1063,1054,3200,12800,1),(3,12,173,3,'Site 4 (DQRMMAIN) 66869',1,49,48,1,602,272,256000,1228399,1),(3,12,103,3,'CYTA test 75233',1,49,48,1,426,419,32000,32000,1),(1,15,558,3,'Argo (SRH Marine) 150650',1,49,48,1,1063,1054,51200,204800,1),(3,12,171,3,'Site 2 DQHLF-26)172725',1,49,48,1,602,272,102000,128000,1),(1,17,713,3,'Beaugeste (Themys) 153211',1,49,48,1,1755,1200,512000,2048000,1),(3,12,1322,3,'ZEEM riyadh (wideband) 145829',0,49,48,0,426,419,2000,1,0),(1,16,1217,3,'Sea Shipping (Furuno) 156811',0,84,83,1,1548,1543,16000,32000,1),(3,12,472,3,'Site 81 (BH-38-WQ) #149347',0,49,48,1,602,272,51200,102400,1),(3,12,437,3,'Furuno Cyprus Trial 55691',0,49,48,1,426,419,2000,1,1),(1,16,1220,3,'Kingdom of Fife (OceanSat) 161821',1,135,134,1,1179,1170,25600,102400,1),(3,12,150,3,'Millennium II (SatPoint)',1,250,249,1,426,419,128000,512000,1),(1,16,151,3,'Plutonas (Furuno) 163276',0,84,83,1,1548,1543,64000,64000,1),(1,16,531,3,'Jotron/Roaldsnes (Furuno) 160053 ',0,84,83,1,1548,1543,32000,128000,1),(1,16,529,3,'MY Clarity (Epak) 78518',1,108,107,1,1179,1170,12800,51200,1),(1,1,163,3,'Beinur HG-62 (Navteam) 88436',1,118,117,1,400,398,25600,102400,1),(3,12,172,3,'Site 3 (CPPMJ) 93786',1,49,48,1,602,272,102000,428000,1),(3,12,174,3,'Site 5 (ROOSLB36CPPABOSKR) 107590',1,49,48,1,602,272,150600,196400,1),(3,12,175,3,'Site 6 (BH-100WQ) 149755',1,49,48,1,602,272,102600,128400,1),(3,12,176,3,'Site 7 (BH15 RM) 115741',0,49,48,1,602,272,102000,128000,1),(3,12,178,3,'Site 8 (BH58 RM) 40474',0,49,48,1,602,272,102600,128399,1),(3,12,179,3,'Site 9 (CPPGRFCAMP3) 102210',0,49,48,1,602,272,250600,512399,1),(3,12,180,3,'Site 10 (CPPGRFCAMP3 2) 101675',0,49,48,1,602,272,256000,256399,1),(1,10,1213,3,'FSE- Bristol (Furuno) 157334',1,84,83,1,927,929,32000,64000,1),(1,16,612,3,'Demo Santander (Erzia) 53114',0,49,48,0,1179,1170,25600,102400,0),(3,12,532,3,'Zakher Crest (Monarch) 61451',1,140,139,1,426,419,51200,204800,1),(3,12,204,3,'Site 14 (ROO-SOCM1(salah)) 110717',1,49,48,1,602,272,256000,256000,1),(1,15,1436,3,'F/T Nervi (Arskom) 157452',0,49,48,1,1063,1054,3200,12800,1),(1,16,623,3,'SeaJam (Voyager IP) 154256',0,49,48,1,4892,4889,2000,1,1),(1,1,763,3,'Panda (H2O) 162521',1,127,126,1,400,398,12800,51200,1),(1,16,656,3,'Victoria (ACG Marine) 88598',0,144,143,0,4108,4106,2000,1,0),(1,16,534,3,'Emerald Sky (Verhagen) 152772',1,49,48,1,1179,1170,102400,409600,1),(3,12,198,3,'Site 11 (ROO103) 2397',0,49,48,1,602,272,102200,128400,1),(3,12,199,3,'Site 12 (ROODQ-75(sadaD) 2486',1,49,48,1,602,272,128000,102400,1),(3,12,200,3,'Site 13 (ROODQ-77 tigres) 149667',1,49,48,1,602,272,102200,402400,1),(3,12,205,3,'Site 15 (GWC-307) 66339',1,49,48,1,602,272,102000,128000,1),(3,12,206,3,'Site 16 (ROOKU-147) 44514',0,49,48,1,602,272,150200,128400,1),(3,12,207,3,'Site 17 (ROOSREN) 66949',1,49,48,1,602,272,256000,256000,1),(3,12,208,3,'Site 18 (ROO-NRPIPY) 67022',1,49,48,1,602,272,256000,256000,1),(3,12,209,3,'Site 19 (life2 dq-29) 67273',1,49,48,1,602,272,102000,128400,1),(3,12,210,3,'Site 20 (ROOQASOC-BULD ) 69554',0,49,48,1,602,272,512000,1024000,1),(3,12,211,3,'Site 21 (GW-309) 73572',1,49,48,1,602,272,102200,128400,1),(3,12,213,3,'Site 22 (ROOGWC-308)(LAND2) 73882',1,49,48,1,602,272,150200,128400,1),(3,12,214,3,'Site 23 (ROODQ-76dqhlf2) 73896',1,49,48,1,602,272,102200,102000,1),(3,12,215,3,'Site 24 (ROODQ-73) 150810',0,49,48,1,602,272,256200,128399,1),(3,12,216,3,'Site 25 (ROOQA-CONST(Husain)) 74284',1,49,48,1,602,272,768000,512399,1),(3,12,217,3,'Site 26 (ROOGW-307(Amara) 74335',1,49,48,1,602,272,102200,128400,1),(3,12,218,3,'Site 27 (ROOGW-311(Camp5)) 74476',1,49,48,1,602,272,102200,128399,1),(3,12,219,3,'Site 28 (ROOSLB-101CPECCRM-BC) 159111',1,49,48,1,602,272,102200,128400,1),(3,12,220,3,'Site 29 (ROOWF-841) 937861',0,49,48,1,602,272,102200,128400,1),(3,12,221,3,'Site30  (ROOWF-830) 117816',0,131,130,1,602,272,256200,128400,1),(3,12,222,3,'Site 31 (ROOCOB(KERUI2) 118421',1,49,48,1,602,272,150200,128399,1),(3,12,223,3,'Site 32 (ROODQ-74Basim) 118941',1,49,48,1,602,272,102200,128199,1),(3,12,224,3,'Site 33 (CPP3DEAR-BK) 66333',0,49,48,1,602,272,128199,196400,1),(3,12,225,3,'Site 34 (CPPRMMAIN) 117806',1,49,48,1,602,272,768000,3024800,1),(3,12,226,3,'Site 35 (BH-99WQ) 149866',1,49,48,1,602,272,126200,256000,1),(1,1,433,3,'ARA Amsterdam (OceanSat) 134456',1,135,134,1,400,398,25600,102400,1),(3,12,230,1,'XLC-M Slot 6 SN38315',1,0,0,0,-1,-1,-1,-1,0),(1,1,258,1,'XLC-M SN21541',1,0,0,0,-1,-1,-1,-1,0),(3,12,341,3,'WBC Site4 86082',0,49,48,1,426,419,2000,1,1),(1,1,283,3,'Island Enforcer (118479) Hull 164 S. Bow Ant (10101)',1,49,48,0,775,778,788480,2067000,0),(3,12,262,3,'Site 36 (DQ-74) 73928',1,49,48,1,602,272,64000,128400,1),(3,12,263,3,'Site 37 (CNDQ11) 67068',1,49,48,1,602,272,128000,128000,1),(3,12,264,3,'Site 38 (CNDQ73) 66378',0,49,48,1,602,272,64000,102400,1),(3,12,265,3,'Site 39 (ROOGWC-309FALAH) 66410',1,49,48,1,602,272,102000,128000,1),(3,12,266,3,'Site 40 (DQ-76) 66467',1,49,48,1,602,272,102000,128000,1),(3,12,272,3,'Site 42 (DQ-75) 71673',1,49,48,1,602,272,64000,102400,1),(3,12,273,3,'Site 43 (GW 20) 118384',0,49,48,1,602,272,102000,202400,1),(3,12,269,3,'Site 41 (DQ-72) 66498',0,49,48,1,602,272,64000,102400,1),(3,12,279,3,'Site 48 (DQ-77) 150741',1,49,48,1,602,272,64000,102400,1),(3,12,275,3,'Site 44 (DQ-71) 7488',0,49,48,1,602,272,64000,102400,1),(3,12,276,3,'Site 45 (CNDQ12) 66344',1,49,48,1,602,272,128000,128199,1),(3,12,278,3,'Site 47 (CPPGRF-C4) 111690',0,49,48,1,602,272,192200,256399,1),(3,12,280,3,'Site 49 (ROOSOC-LOG) 149904',1,49,48,1,602,272,256000,256000,1),(3,12,281,3,'Site 50 (DQ-18) 11481',1,49,48,1,602,272,102000,128000,1),(1,17,1707,3,'TEST (SATCONXION) 83180',0,149,148,0,1755,1200,6400,25600,0),(1,1,286,3,'Island Enforcer (84810)',0,49,48,0,775,778,-1,1,0),(1,1,288,3,'Net Comm Remote 1167677',1,49,48,0,775,778,-1,1,0),(1,16,357,3,'Asbjorn Selsbane (Furuno) 105367',1,84,83,1,1548,1543,32000,128000,1),(1,1,289,3,'Site 2 (Arabskys) 120131',1,49,48,1,400,398,51200,204800,1),(1,16,1557,3,'Lady Anne Magee(AGC MARINE)  180248',1,144,143,1,4108,4106,51200,204800,1),(1,1,294,3,'Site 5 (Arabsky) 116239',1,49,48,1,400,398,12800,51200,1),(1,8,1456,3,'TMR-CL-Magic SN20285',1,234,233,1,5011,5012,2048000,6144000,1),(1,16,509,3,'Kremmervik (Furuno) 157183',1,84,83,1,1548,1543,32000,128000,1),(3,12,301,3,'Site 51 (ROONR-CL) 143793',1,49,48,1,602,272,51200,102400,1),(3,12,302,3,'Site 52 (CPPC2QU BHRM BK) 146645',1,49,48,1,602,272,128000,256000,1),(3,12,303,3,'Site 53 (life3 BH-43) 114406',1,49,48,1,602,272,102000,120000,1),(3,12,304,3,'Site 54 (CAMP4GRAF) 110638',0,49,48,1,602,272,196200,512400,1),(3,12,305,3,'Site 55 (GWDC311) 74276',1,49,48,1,602,272,64000,102400,1),(3,12,306,3,'Site 56 (GWDC-310 MJ(KERUI)) 67355',1,49,48,1,602,272,64000,102400,1),(3,12,307,3,'Site 57 (CNDQ13) 66341',1,49,48,1,602,272,128000,128000,1),(3,12,308,3,'Site 58 (GWDC-308) 8817',1,49,48,1,602,272,102000,128000,1),(3,12,309,3,'Site 59 (CPPKUTBK) 66883',0,49,48,1,602,272,128000,128000,1),(3,12,310,3,'Site 60 (CPPHLF-MAIN) 15837',1,49,48,1,602,272,400200,1024400,1),(3,12,311,3,'Site 61 (CAMP4BR) 159073',0,49,48,1,602,272,102200,128399,1),(3,12,312,3,'Site 62 (Datanet Office) 44260',1,49,48,1,602,272,256000,2048000,1),(1,1,313,3,'Bergvoll (Furuno) 105278',1,84,83,1,219,697,32000,128000,1),(1,1,1452,3,'TMR-Vestviking SN2689',0,165,169,1,1366,366,32000,128000,1),(1,16,749,3,'Bliss(AGC Marine) 157223',1,144,143,1,4108,4106,25600,102400,1),(1,10,323,5,'XLC-11 SN23455',1,0,0,0,-1,-1,-1,-1,0),(1,1,1438,3,'F/T Nervi (Arskom) 157452',1,49,48,1,400,398,3200,12800,1),(1,8,1439,3,'TMR-CL-Viking SN20448',1,234,233,1,5011,5012,512000,1024000,1),(1,15,352,3,'M/Y Drad (SRH Marine) 161149',1,49,48,1,1063,1054,64000,512000,1),(3,12,329,3,'WBC_Demo_083060',0,49,48,0,426,419,51200,204800,0),(3,12,331,3,'WBC_Site2_056738',0,112,111,0,426,419,316,1,0),(1,1,334,3,'Fugro Symphony (H2O) 131008',1,127,126,1,400,398,25600,102400,1),(1,1,1454,3,'TMR-Harvest SN20409',0,165,169,1,1366,366,32000,128000,1),(1,16,1496,3,'MV Adventure (Oceansat) 155735',1,135,134,1,1179,1170,12800,51200,1),(1,15,344,2,'XLC-11 46367',1,0,0,0,-1,-1,-1,-1,0),(1,15,345,1,'XLC-M 21478',1,0,0,0,-1,-1,-1,-1,0),(1,16,393,2,'XLC-11 SN23328',1,0,0,0,-1,-1,-1,-1,0),(3,12,339,3,'WBC_Site3_166659',0,49,48,1,426,419,2000,1,1),(1,10,1514,3,'Åkerøy (Furuno) 163021',0,84,83,1,0,929,32000,128000,1),(1,16,600,3,'Scenic Gem (Verhagen) 153084',0,49,48,0,1179,1170,12800,51200,0),(1,1,1486,3,'Cimil (Arskom) 163922',1,213,212,1,400,398,3200,12800,1),(1,8,1483,3,'TMR-FS-WestStream SNxxxxx',0,165,169,1,4424,4422,60000,51000,1),(1,15,781,1,'XLC-M 38216',1,0,0,0,-1,-1,-1,-1,0),(1,15,391,3,'Bella Stella (SRH Marine) 107623',1,49,48,1,1063,1054,12800,51200,1),(1,16,601,3,'Moliver (AGC Marine) 134055',1,144,143,1,1179,1170,64000,750000,1),(1,16,1608,3,'MY Alexander V (Voyager IP) 154293',1,204,203,1,4892,4889,40200,180800,1),(1,15,347,3,'T12 Nit Test 046260',1,49,48,1,1063,1054,25600,102400,1),(1,15,350,3,'M/Y OUT (SIRM) 130434',0,49,48,0,1063,1054,316,1,0),(1,1,358,3,'MilanoTeleport Vessel 1 - 84742',1,49,48,1,400,398,51200,204800,1),(1,1,1453,3,'Lonningen (AST) 131258',1,209,208,1,400,398,12800,51200,1),(1,8,1448,3,'TMR-CL-Bohus SN20351',1,234,233,1,5011,5012,512000,1024000,1),(1,16,360,3,'Kaagtind (Furuno) 105350',1,84,83,1,1548,1543,32000,128000,1),(3,12,362,3,'Site 63 (life4-BH-Lg2AboG) 111633',1,49,48,1,602,272,128000,128395,1),(3,12,363,3,'Site 64 (DQCPF1BK) 66358',1,49,48,1,602,272,256000,128000,1),(3,12,364,3,'Site 65 (ROOWF-827) 7931',0,49,48,1,602,272,102000,128395,1),(3,12,365,3,'Site  66 (DQ-22) 146166',0,49,48,1,602,272,128000,128000,1),(3,12,366,3,'Site  67 (Power) 149387',1,49,48,1,602,272,64000,128000,1),(3,12,367,3,'Site  68 (BH-30SIB2) 118936',0,49,48,1,602,272,128000,128395,1),(3,12,368,3,'Site 69 (ROOSLB-102(BH-MAG) 146473',1,49,48,1,602,272,256000,128395,1),(1,16,1617,3,'Geofocus (Alphatron Marine) 134419',1,163,182,1,1179,1170,12800,51200,1),(3,12,370,3,'Site 70 (ROO-Ph0) 143899',0,49,48,1,602,272,900000,2048000,1),(1,15,372,3,'Eurocargo Roma (SIRM) 130258',1,49,48,1,1063,1054,64000,64000,1),(1,1,1451,3,'TMR-Vikingbank SN7834',0,165,169,1,1366,366,32000,128000,1),(1,1,373,1,'XLC-M SN46196',1,0,0,0,-1,-1,-1,-1,0),(1,15,375,3,'Lady Dee (SRH Marine) 132255',1,49,48,0,1063,1054,2000,1,1),(1,1,389,3,'Site 20 (Arabsky) 97174',0,49,48,0,400,398,25600,102400,0),(3,12,465,1,'XLC-M Slot 7 SN50529',1,0,0,0,-1,-1,-1,-1,0),(1,1,407,3,'MilanoTeleport Vessel 2 - 121469',1,49,48,1,400,398,51200,204800,1),(1,1,464,3,'M/V Aquarius(Navteam) #154330',1,118,117,1,400,398,51200,204800,1),(1,1,400,3,'Namai (H2O) 64522',1,127,126,1,400,398,12800,51200,1),(1,17,397,2,'XLC-11 SN46366',1,0,0,0,-1,-1,-1,-1,0),(1,15,402,3,'MT Julia (Ocean Sat) 154627',1,135,134,1,1063,1054,12800,51200,1),(3,12,474,3,'Zamil 64 (Monarch) 153493',0,140,139,1,426,419,51200,204800,1),(1,16,406,3,'M/Y Montkaj (Marel) 153848',1,140,139,1,1179,1170,64000,512000,1),(3,12,408,3,'ZAKHER - QMS MARIMBA (Monarch) 105190',1,195,194,1,426,419,128000,154000,1),(1,1,409,3,'SIRM Workshop 133927',1,49,48,1,400,398,2000,1,1),(3,12,413,3,'Site 71 (ROO-BCHDQ25HLF) 139650',1,49,48,1,602,272,102000,128000,1),(3,12,414,3,'Site 73 (CPPCAMP5SB) 149991',0,49,48,1,602,272,256000,512000,1),(3,12,415,3,'Site 74 (HarithRM) 64087',1,49,48,1,602,272,128199,128399,1),(3,12,416,3,'Site 75 (BHMBUS) 150755',1,49,48,1,602,272,150000,256399,1),(3,12,417,3,'Site 76 (Ha-23WQ) 139304',0,49,48,1,602,272,64000,102400,1),(1,1,418,3,'M/V Ness - (Brommeland H2O) 150536',1,127,126,1,400,398,12800,51200,1),(1,16,1444,3,'FSE- Eksky (Furuno) 104597',1,84,83,1,1548,1543,64000,64000,1),(1,15,629,3,'SeaJam (Voyager IP) 154256',0,49,48,0,1063,1054,2000,1,1),(3,12,421,3,'Site 71 (ExxonNR) 145856',1,49,48,1,602,272,512000,1024000,1),(3,12,1433,3,'Procida ( Arskom) 158093',1,49,48,1,426,419,12800,51200,1),(1,1,1434,3,'Procida ( Arskom) 158093',1,49,48,1,400,398,3200,12800,1),(1,16,429,3,'Girl Stephanie (Barry Electronics) 150594',1,123,122,1,4250,4248,12800,51200,1),(3,12,431,3,'SCC Cyta 145825',1,49,48,1,426,419,25600,102400,1),(1,16,430,3,'Genesis II (Barry Electronics) 161065',1,123,122,1,4250,4248,12800,51200,1),(1,1,441,3,'Sicuro Group Terminal1 000372',0,49,48,1,400,398,2000,1,1),(3,12,444,3,'Sea Conquest (Monarch) 133745',1,140,139,1,426,419,51200,204800,1),(3,12,508,3,'Zamil 602 (Monarch) 153640',0,140,139,1,426,419,51200,204800,1),(1,1,796,3,'My Walanka (AST) 162660',1,49,48,1,400,398,25600,102400,1),(1,15,479,3,'Myferrylink-Berlioz (COM-IP) 152979',1,49,48,1,1063,1054,25600,102400,1),(1,16,507,3,'Tea Rose (Barry Electronics) 154458',1,123,122,1,4250,4248,12800,51200,1),(1,15,778,3,'Bacarella (AGC Marine) 167862',1,49,48,1,1063,1054,25600,102400,1),(3,12,453,3,'Zamil 63 (Monarch) 64553',0,140,139,1,426,419,51200,204800,1),(1,15,467,3,'Myferrylink-Le Rodin (COM-IP) 155658',1,49,48,1,1063,1054,25600,102400,1),(3,12,468,3,'Site 77 (CAMP1QBK) # 144058',0,49,48,1,602,272,51200,102400,1),(3,12,469,3,'Site 78 (BH-37-WQ) #149356',1,49,48,1,602,272,51200,102400,1),(3,12,470,3,'DTNSOC5 (ROOMoyadBR) #160227',1,49,48,1,602,272,102000,256000,1),(3,12,471,3,'Site 80 (DQ21-HF) #177706',1,49,48,1,602,272,128000,128000,1),(3,12,473,3,'Site 82 (GWDCRM) #149944',1,49,48,1,602,272,512000,256000,1),(1,16,475,1,'XLC-M SN47820',1,0,0,0,-1,-1,-1,-1,0),(1,16,476,3,'DP Galyna (Verhagen)  064215',1,135,134,1,1179,1170,102400,409600,1),(1,17,1314,3,'Sierra Leona-Freetown (Castellsatcom) 111604',0,49,48,0,1755,1200,128000,512000,0),(1,10,1478,3,'Dina Merkur (Furuno)163035 ',1,84,83,1,927,929,32000,128000,1),(3,12,478,3,'Zamil 502 (Monarch) 153062',0,140,139,1,426,419,51200,204800,1),(1,15,480,3,'Myferrylink-NPC (COM-IP) 153569',1,49,48,1,1063,1054,25600,102400,1),(3,12,481,3,'Site-1 (Ksasat) 132636',0,49,48,1,426,419,12800,51200,1),(1,16,482,3,'Kasfjord (Furuno) 160927',1,84,83,1,1548,1543,32000,128000,1),(1,16,483,3,'Ownie Padraig (Barry Electronics) 154218',1,123,122,1,4250,4248,12800,51200,1),(5,21,1645,3,'Lady Anne Magee(AGC MARINE)  180248',0,144,143,0,3715,3706,51200,204800,0),(1,10,488,3,'FDK-Gitte Henning (Furuno) 056099',1,84,83,1,927,929,64000,256000,1),(1,18,489,3,'Dillon Owen (Barry Electronics) 154313',1,123,122,1,1734,1725,12800,51200,1),(1,16,541,3,'Map Marine Trial 64794',0,49,48,1,1179,1170,25600,102400,1),(3,12,495,3,'WBC_Site5_010614',0,49,48,1,426,419,2000,1,1),(3,12,499,3,'Site 83 X5(OilServ) #134009',0,49,48,1,602,272,1024000,1024000,1),(3,12,500,3,'Site 84 (SOCART) # 146381',0,49,48,1,602,272,120000,256000,1),(3,12,501,3,'Site 85 (BH33-AG) # 173784',1,49,48,1,602,272,128000,128000,1),(3,12,502,3,'Site 86 (BH35-AG) # 147581',1,49,48,1,602,272,64000,64000,1),(3,12,503,3,'Site 87 (BH36-AG) #158797',1,49,48,1,602,272,102000,256000,1),(3,12,504,3,'Site 88 (CPPWQ) # 158960',1,49,48,1,602,272,196000,290400,1),(1,1,549,3,'Storeknut (Furuno) 056022',1,84,83,1,219,697,32000,128000,1),(1,16,561,3,'Dawn Ross (Barry Electronics) 131614',1,123,122,1,4250,4248,12800,51200,1),(3,12,1437,3,'F/T Nervi (Arskom) 157452',1,49,48,1,426,419,12800,51200,1),(1,17,554,3,'Halani (Themys) 155379',0,49,48,0,1755,1200,2000,1000,0),(1,15,567,3,'Artemis (SRH Marine) 157140',1,49,48,1,1063,1054,51200,204800,1),(1,15,1340,3,'ePak test (VoyagerIP) 156285',1,204,203,1,1063,1054,12800,51200,1),(1,16,570,3,'Office (SATCONXION) 78114',1,149,148,0,1179,1170,25600,102400,0),(1,1,573,3,'Heroyhav (Furuno) 104812',1,84,83,1,219,697,64000,192000,1),(1,18,577,5,'XLC-11 SN049296',1,0,0,0,-1,-1,-1,-1,0),(1,16,576,3,'Northern Celt (Barry Electronics) 154502',1,123,122,1,4250,4248,12800,51200,1),(1,17,578,1,'XLC-M SN54332',1,0,0,0,-1,-1,-1,-1,0),(1,16,603,3,'MY Nassima (OceanSat) 75274',1,135,134,1,1179,1170,12800,25600,1),(3,12,604,3,'VIP Seamarla (Voyager IP) 154702',1,49,48,0,426,419,2000,1,0),(3,12,588,3,'Site 89 (BHWQM) # 159309',1,49,48,1,602,272,102000,190400,1),(1,15,602,3,'Ionian Princess (SRH Marine) 161052',1,49,48,0,1063,1054,2000,1,1),(1,18,583,3,'Eternal Dawn (Barry Electronics) 132201',1,123,122,1,1734,1725,12800,51200,1),(3,12,589,3,'Site 90 (LAND) # 149955',0,49,48,1,602,272,2000,128400,1),(3,12,597,3,'Site 93 (JapanessRM(DQHLF)) # 150909',1,49,48,1,602,272,200000,190400,1),(3,12,596,3,'Site 92 (BH-Bz-Log) # 148562',1,49,48,1,602,272,200000,128000,1),(3,12,595,3,'Site 91 (BH-30SIBCHIN) # 159612',1,49,48,1,602,272,128000,256399,1),(1,15,927,3,'BS_Niedzica_3Maja',1,49,48,0,2259,2261,12800,25600,0),(3,12,599,3,'Site 94 (BH-HLFBK) # 173006',1,49,48,1,602,272,-48,190400,1),(1,16,605,3,'VIP Seamarla (Voyager IP) 154702',1,49,48,0,4892,4889,2000,1,0),(1,15,606,3,'VIP Seamarla (Voyager IP) 154702',1,49,48,0,1063,1054,316,1,1),(1,16,608,3,'Atlantic Challenge (Barry Electronics) #154647',1,123,122,1,4250,4248,12800,51200,1),(1,16,625,3,'IL Vagabond (ACG Marine) 157544',0,144,143,1,4108,4106,25600,102400,1),(1,16,611,3,'Test2 (Furuno) 097969',0,84,83,0,1548,1543,16000,16000,0),(1,16,614,3,'Callista (AGC MARINE) 112130',1,144,143,1,4108,4106,25600,102400,1),(1,16,615,3,'Happy Days(AGC Marine)157426',1,144,143,1,1179,1170,64000,256000,1),(1,16,617,3,'Oneiro (SRH Marine) bogus serial',0,49,48,1,1179,1170,25600,102400,1),(1,15,1354,3,'Office-test (SRH Marine) 155694',0,49,48,0,1063,1054,2000,1,0),(1,16,618,3,'Orama (SRH Marine) 157907',1,49,48,0,1179,1170,2000,1,1),(3,12,619,3,'Oneiro (SRH Marine) bogus serial',0,49,48,1,426,419,25600,102400,1),(3,12,620,3,'Orama (SRH Marine) 157907',0,49,48,0,426,419,12800,1,1),(1,1,622,3,'Haltentraal (H20) 154986',1,127,126,1,400,398,12800,51200,1),(1,15,1082,3,'PEKAO_Kros_Huta',1,49,48,0,2259,2261,12800,25600,0),(1,18,1140,3,'Panda (H2O) 162521',1,127,126,1,1734,1725,12800,51200,1),(3,12,1129,3,'M/Y Geosand(SRH Marine) #159877',1,49,48,1,426,419,12800,51200,1),(1,16,633,3,'SeaSam (Voyager IP) 150545',0,204,203,0,4892,4889,2000,1,0),(1,15,634,3,'SeaSam (Voyager IP) 150545',0,49,48,0,1063,1054,2000,102400,0),(3,12,635,3,'SeaSam (Voyager IP) 150545',0,49,48,0,426,419,25600,102400,0),(1,16,637,3,'SeaErga (Voyager IP) 150021',0,204,203,0,4892,4889,2000,1,1),(1,16,780,3,'Theo (AGC Marine) 112424',0,144,143,0,4108,4106,2000,1,0),(1,1,779,3,'Arskom Test 1002EU(Arskom)#153437',1,213,212,1,400,398,12800,51200,1),(1,16,1400,3,'Western Chieftain (Barry Electronics) 157409',1,123,122,1,4250,4248,12800,51200,1),(3,12,641,3,'VW Benghazi (Arabskys) 75732',0,49,48,0,426,419,25600,102400,0),(1,17,1408,3,'Castell2 (Castellsat.com) 158771',1,49,48,1,1755,1200,128000,256000,1),(1,16,1219,3,'FSE- EK Star (Furuno) 155169',1,84,83,1,1548,1543,64000,64000,1),(1,16,1716,3,'Test (AGC Marine) 88698',1,98,75,0,4108,4106,-1,1,0),(1,1,1550,3,'TMR-LIE-Libas SN20525',0,165,169,1,1366,366,60000,128000,1),(1,15,646,3,'Apache (COM-IP) 153155',0,49,48,0,1063,1054,316,1,1),(1,8,707,2,'XLC-11 SN49324',1,0,0,0,-1,-1,-1,-1,0),(1,16,648,3,'Wedge Too(AGC Marine) #157425',1,144,143,1,4108,4106,32000,128000,1),(1,16,649,3,'Emerald Star (Verhagen) 153150',1,49,48,1,1179,1170,102400,409600,1),(1,16,1747,3,'Prowess (Furuno) 180462',1,84,83,1,1548,1543,32000,128000,1),(1,15,1742,3,'Broomeland (AST) 181567',0,209,208,1,1063,1054,12800,51200,1),(1,15,1081,3,'PEKAO_Kostrzyn_Gorz',1,49,48,0,2259,2261,12800,25600,0),(1,16,733,3,'Celtic Explorer (Barry Electronics) 156616',1,123,122,1,4250,4248,51200,204800,1),(1,16,1236,3,'Radek (Furuno) 157469',1,84,83,1,1548,1543,32000,128000,1),(1,15,652,3,'M/Y Geosand(SRH Marine) #159877',1,49,48,1,1063,1054,12800,51200,1),(3,12,724,3,'Seadel (Voyager IP) 153823',0,49,48,0,426,419,25600,102400,0),(1,15,726,3,'Seadel (Voyager IP) 153823',0,49,48,0,1063,1054,2000,102400,0),(3,12,655,3,'M/Y Montkaj (Marel) 153848',1,140,139,0,426,419,256000,1024000,0),(1,15,658,3,'Victoria (ACG Marine) 88598',0,144,143,1,1063,1054,25600,102400,1),(1,16,659,3,'SeaSapAft (Voyager IP) 153698',1,204,203,1,4892,4889,25600,250200,1),(1,16,660,3,'SeaSapFwd (Voyager IP) 150686',1,204,203,1,4892,4889,25600,102400,1),(1,15,661,3,'SeaSapAft (Voyager IP) 153698',1,49,48,0,1063,1054,25600,307200,0),(3,12,662,3,'SeaSapAft (Voyager IP) 153698',1,49,48,0,426,419,25600,204800,0),(5,21,1654,3,'Fugro Saltire (Furuno) 55678',1,84,83,1,3715,3706,64000,200000,1),(1,15,664,3,'SeaSapFwd (Voyager IP) 150686',1,49,48,1,1063,1054,25600,102400,1),(3,12,665,3,'SeaSapFwd (Voyager IP) 150686',1,49,48,1,426,419,25600,102400,1),(1,18,667,3,'Fiona K II (Barry Electronics) 154368',1,123,122,1,1734,1725,12800,51200,1),(1,8,705,3,'TMR-Lager SN4485',0,165,169,1,314,2085,25600,102400,1),(1,16,728,3,'MilanoTeleport Vessel 3- 155085',1,49,48,1,1179,1170,51200,204800,1),(3,12,687,3,'Lady Nora (Voyager IP) 155214',1,49,48,0,426,419,25600,102400,0),(1,15,685,3,'Lady Nora (Voyager IP) 155214',1,49,48,0,1063,1054,316,1,0),(1,16,686,3,'Lady Nora (Voyager IP) 155214',1,204,203,1,4892,4889,25600,90400,1),(3,12,691,3,'Site 95 (CPECCCPF2BK) #159621',1,49,48,1,602,272,256000,1024000,1),(3,12,692,3,'Site 96 (BH102-WQ) #172732',1,49,48,1,602,272,51200,64000,1),(1,15,690,3,'Obsessions (SRH Marine) 130912',0,49,48,0,1063,1054,2000,1,1),(3,12,693,3,'Site 97 (BH101-WQ) #172507',1,49,48,1,602,272,51200,102400,1),(3,12,694,3,'Site 98 (HBP BUSRGAN) #172370',1,49,48,1,602,272,128000,128000,1),(3,12,695,3,'Site 99 (CPECCQA?) #147245',1,49,48,1,602,272,256000,384000,1),(3,12,696,3,'Site 100 (DQHLF-23)146579',1,49,48,1,602,272,256000,256000,1),(1,16,701,3,'BIG MAK (MAP Marine) #153617',1,49,48,1,1179,1170,128000,1024000,1),(1,15,731,3,'m/y TUEQ (SRH Marine) 3584',0,49,48,0,1063,1054,2000,1,0),(1,1,1237,3,'Spot Beam IRELAND-01 (TSBc) 7794',0,49,48,0,400,398,2000,1,0),(1,16,730,3,'Enchantress(AGC Marine) 153380',1,144,143,1,4108,4106,128000,512000,1),(1,1,727,3,'Karm Ocean(H20) 155166',1,127,126,1,400,398,12800,51200,1),(1,16,723,3,'Seadel (Voyager IP) 153823',0,204,203,0,4892,4889,2000,102400,0),(1,17,738,3,'Akwalys (Map Marine) 156656',0,49,48,0,1755,1200,128000,512000,0),(5,21,1371,3,'Demerest Tide (Furuno) 157084',1,84,83,0,3715,3706,64000,128000,0),(1,17,747,3,'Oyala 3 (SATCONXION) 077028',1,149,148,1,1755,1200,12800,51200,1),(1,17,745,3,'Sendje 1 (SATCONXION) 89860',1,149,148,1,1755,1200,25600,102400,1),(1,15,1003,3,'PKO_Stepnica',1,49,48,0,2259,2261,12800,25600,0),(1,16,1541,3,'M/Y Noorah of Ryad (MAREL) #167508',1,188,187,1,1179,1170,64000,512000,1),(1,1,1714,3,'Nit-Ref-X3 (TSBc) 46240',1,-1,-1,1,0,0,32000,128000,1),(1,17,752,3,'Oyala 2 (SATCONXION) 61943',1,149,148,1,1755,1200,12800,51200,1),(1,17,753,3,'Oyala 1 (SATCONXION) 82242',1,149,148,1,1755,1200,25600,102400,1),(1,15,754,3,'m/y Alexandra (SRH Marine) 163393',0,49,48,0,1063,1054,316,1,0),(1,17,755,3,'Bata 1 (SATCONXION) 83434',1,149,148,1,1755,1200,25600,102400,1),(1,17,1330,3,'BATA 3 (SATCONXION) 174898',1,149,148,1,1755,1200,51200,204800,1),(1,17,757,3,'Malabo 2 (SATCONXION) 132846',1,149,148,1,1755,1200,25600,102400,1),(1,8,1480,3,'DownlinkMon (TSBc)  8928',0,49,48,1,314,2085,25600,25600,1),(1,15,760,3,'LST / Pamela  (COM-IP) 152934',0,49,48,0,1063,1054,316,1,0),(1,17,1703,3,'POG Office (Global Satellite) 185554',1,49,48,1,1755,1200,32000,128000,1),(1,16,1409,3,'Mostein (H2O) 162542',1,127,126,1,1179,1170,12800,51200,1),(1,15,761,3,'Com-IP-TEST (COM-IP) 155289',0,49,48,0,1063,1054,316,1,0),(1,16,762,3,'m/y Alexandra (SRH Marine) 163393',0,49,48,0,1179,1170,2000,1,1),(1,15,1210,3,'Atalanti (SRH Marine) 105192',1,49,48,1,1063,1054,128000,512000,1),(1,16,764,3,'Mayflower J (AGC Marine) 167408',1,144,143,1,4108,4106,64000,256000,1),(1,16,765,3,'Ester 2 (AGC Marine) 171831',0,144,143,1,4108,4106,51200,1,1),(1,16,767,3,'Harbor Moon (AGC Marine) 167173',0,144,143,1,4108,4106,128000,512000,1),(1,16,769,3,'Seasat test1 (Seasat) 055803',1,164,162,1,1179,1170,51200,51200,1),(1,16,1218,3,'Rachel J (Barry electronics) 155004',1,123,122,1,4250,4248,12800,51200,1),(1,16,771,3,'Stålbas (Furuno) 161344',1,84,83,1,1548,1543,32000,128000,1),(1,1,1164,3,'Ole-Arvid Nergaard (Furuno) 104632',1,84,83,1,219,697,32000,128000,1),(1,1,773,3,'Demerest Tide (Furuno) 157084',1,84,83,1,219,697,64000,128000,1),(1,16,1221,3,'Atlantic Quest (Barry Electronics) #163199',1,123,122,1,4250,4248,12800,51200,1),(1,16,774,3,'AWESOME (AGC Marine) 131433',0,144,143,1,4108,4106,25600,102400,1),(1,1,1232,3,'Spot Beam Eik-02 (TSBc) 8300',0,49,48,0,400,398,2000,1,0),(1,15,775,3,'La Belle de l\'Adriatique(Com-IP) #153002',1,173,172,1,1063,1054,51200,102400,1),(1,16,776,3,'Map Office(Map Marine) #162384',0,49,48,1,1179,1170,25600,102400,1),(1,16,777,3,'Parvati (AGC Marine) 132185',1,144,143,1,4108,4106,64000,256000,1),(1,10,1542,3,'Troms Arcturus (Furuno) 105586',1,84,83,1,927,929,64000,128000,1),(1,15,784,3,'BS_Suwalki_Warynskiego',1,49,48,0,2259,2261,12800,25600,0),(1,1,791,3,'M/Y TAKNM(MAREL) #168274',1,49,48,1,400,398,25600,102400,1),(1,15,811,3,'BS_Lazy',1,49,48,0,2259,2261,12800,25600,0),(1,16,794,3,'Element (AGC Marine) 153620',1,144,143,1,4108,4106,32000,128000,1),(1,15,806,3,'PEKAO_Wars_Szpit',1,49,48,0,2259,2261,12800,25600,0),(1,15,798,3,'BS_Tarczyn2',1,49,48,0,2259,2261,12800,25600,0),(1,15,800,3,'X3.109752',0,49,48,0,2259,2261,12800,25600,0),(1,15,801,3,'Zabka_Poznan',1,49,48,1,2259,2261,96000,128000,1),(1,15,802,3,'PEKAO_Zator',1,49,48,0,2259,2261,12800,25600,0),(1,15,803,3,'PEKAO_Wronki',1,49,48,0,2259,2261,12800,25600,0),(1,15,804,3,'PEKAO_Wroc_PKS',0,49,48,0,2259,2261,12800,25600,0),(1,15,805,3,'PEKAO_Wars_GUS',1,49,48,0,2259,2261,12800,25600,0),(1,15,807,3,'PEKAO_Wolbrom',1,49,48,0,2259,2261,12800,25600,1),(1,15,808,3,'PEKAO_Wieliczka',1,49,48,0,2259,2261,12800,25600,0),(1,15,932,3,'PEKAO_Krakow_old',0,49,48,0,2259,2261,12800,25600,0),(1,15,1007,3,'BS_Trzebiel_Zarska_GPRS',0,49,48,0,2259,2261,12800,25600,0),(1,15,812,3,'BS_Abramow',1,49,48,0,2259,2261,12800,25600,0),(1,15,813,3,'BS_Adamow',1,49,48,0,2259,2261,12800,25600,0),(1,15,814,3,'BS_Alwernia',1,49,48,0,2259,2261,12800,25600,0),(1,15,815,3,'PEKAO_Krakow',1,49,48,0,2259,2261,12800,25600,0),(1,15,816,3,'BS_Andrychów_Lenartowicza',1,49,48,0,2259,2261,12800,25600,0),(1,15,817,3,'PEKAO_Chrzanow_new',1,49,48,0,2259,2261,12800,25600,0),(1,15,818,3,'BS_Babice',1,49,48,0,2259,2261,12800,25600,0),(1,15,819,3,'BS_Baborów',1,49,48,0,2259,2261,12800,25600,0),(1,15,820,3,'X1.104782',0,49,48,0,2259,2261,12800,25600,0),(1,15,821,3,'BS_Bardo_Wolnoœci',1,49,48,0,2259,2261,12800,25600,0),(1,15,822,3,'BS_Bardo_Œl¹skie',1,49,48,0,2259,2261,12800,25600,0),(1,15,823,3,'BS_Bartoszyce_Warszawska',1,49,48,0,2259,2261,12800,25600,0),(1,15,824,3,'BS_Be³¿ec_X25',1,49,48,0,2259,2261,12800,25600,0),(1,15,825,3,'BS_Bestwina(GPRS)',0,49,48,0,2259,2261,12800,25600,0),(1,15,826,3,'BS_Bia³e_B³ota',1,49,48,0,2259,2261,12800,25600,0),(1,15,827,3,'BS_Bieruñ',1,49,48,0,2259,2261,12800,25600,0),(1,15,828,3,'BS_Biskupiec',1,49,48,0,2259,2261,12800,25600,0),(1,15,829,3,'BS_Bojszowy',1,49,48,0,2259,2261,12800,25600,0),(1,15,830,3,'X1.103142',0,49,48,0,2259,2261,12800,25600,0),(1,15,928,3,'BS_Niemcza',1,49,48,0,2259,2261,12800,25600,0),(1,15,832,3,'BS_Brzeg',1,49,48,0,2259,2261,12800,25600,0),(1,15,833,3,'BS_Bukowina_Tatrz.',1,49,48,0,2259,2261,12800,25600,0),(1,15,834,3,'BS_Bydgoszcz_Ko³³¹taja',1,49,48,0,2259,2261,12800,25600,0),(1,15,835,3,'BS_Bystrzyca_K³odzka',1,49,48,0,2259,2261,12800,25600,0),(1,15,836,3,'BS_Cha³upki',1,49,48,0,2259,2261,12800,25600,0),(1,15,837,3,'BS_Chlewice',1,49,48,0,2259,2261,12800,25600,0),(1,15,838,3,'BS_Chrzanów_Henryka',1,49,48,0,2259,2261,12800,25600,0),(1,15,839,3,'BS_Chrzanów_Pogórska',1,49,48,0,2259,2261,12800,25600,0),(1,15,840,3,'BS_Ciepielów',1,49,48,0,2259,2261,12800,25600,0),(1,15,841,3,'BS_Ciep³owody',1,49,48,0,2259,2261,12800,25600,0),(1,15,842,3,'BS_Czaniec_StacjaBP',1,49,48,0,2259,2261,12800,25600,0),(1,15,843,3,'BS_Czarnow¹sy',1,49,48,0,2259,2261,12800,25600,0),(1,15,844,3,'X1.103648',0,49,48,0,2259,2261,12800,25600,0),(1,15,845,3,'BS_Jab³onowo',1,49,48,0,2259,2261,12800,25600,0),(1,15,846,3,'BS_Czechowice_NadBia³k¹(GPRS)',0,49,48,0,2259,2261,12800,25600,0),(1,15,847,3,'BS_CzechowiceDziedz(GPRS)',0,49,48,0,2259,2261,12800,25600,0),(1,15,848,3,'BS_Czêstochowa_£ódzka33',1,49,48,0,2259,2261,12800,25600,0),(1,15,849,3,'X1.104137',0,49,48,0,2259,2261,12800,25600,0),(1,15,850,3,'BS_Czosnów',1,49,48,0,2259,2261,12800,25600,0),(1,15,851,3,'BS_Dabrowa_old',0,49,48,0,2259,2261,12800,25600,0),(1,15,852,3,'BS_Dabrowa_Chelminska',1,49,48,0,2259,2261,12800,25600,0),(1,15,853,3,'BS_Dankowice',1,49,48,0,2259,2261,12800,25600,0),(1,15,854,3,'BS_Dobczyce_Kilinskiego',1,49,48,0,2259,2261,12800,25600,0),(1,15,855,3,'BS_Dobczyce_Marwin2',1,49,48,0,2259,2261,12800,25600,0),(1,15,856,3,'BS_Dobczyce_Mostowa',1,49,48,0,2259,2261,12800,25600,0),(1,15,857,3,'BS_Dobczyce_Rynek1',1,49,48,0,2259,2261,12800,25600,0),(1,15,858,3,'BS_Dobczyce_Witosa',1,49,48,0,2259,2261,12800,25600,0),(1,15,859,3,'BS_Dobczyce_Zarabie',1,49,48,0,2259,2261,12800,25600,0),(1,15,860,3,'BS_Dobrcz',1,49,48,0,2259,2261,12800,25600,0),(1,15,861,3,'BS_Dobrzen_Wielki',1,49,48,0,2259,2261,12800,25600,0),(1,15,862,3,'BS_Dolhobyczow',1,49,48,0,2259,2261,12800,25600,0),(1,15,863,3,'BS_Firlej',1,49,48,0,2259,2261,12800,25600,0),(1,15,864,3,'BS_Galkow_Maly_X25',1,49,48,0,2259,2261,12800,25600,0),(1,15,865,3,'BS_Glogow_Brzoskwiniowa',1,49,48,0,2259,2261,12800,25600,0),(1,15,866,3,'BS_Glogow_Pilsudskiego1',1,49,48,0,2259,2261,12800,25600,0),(1,15,867,3,'BS_Gozd_Radomska7',1,49,48,0,2259,2261,12800,25600,0),(1,15,931,3,'BS_NowyDworMaz',1,49,48,0,2259,2261,12800,25600,0),(1,15,930,3,'BS_NowaWies_Bydgoska',1,49,48,0,2259,2261,12800,25600,0),(1,15,929,3,'BS_NowaSlupia',1,49,48,0,2259,2261,12800,25600,0),(1,15,870,3,'BS_Gryfino_X25',1,49,48,0,2259,2261,12800,25600,0),(1,15,871,3,'BS_Herby_Lubliniecka',1,49,48,0,2259,2261,12800,25600,0),(1,15,872,3,'BS_Horodlo_Rynek15',1,49,48,0,2259,2261,12800,25600,0),(1,15,873,3,'BS_Hulcze',1,49,48,0,2259,2261,12800,25600,0),(1,15,874,3,'BS_Ilza_11Listopada',1,49,48,0,2259,2261,12800,25600,0),(1,15,875,3,'BS_Ilza_Bodzentynska',1,49,48,0,2259,2261,12800,25600,0),(1,15,876,3,'BS_Imielno',1,49,48,0,2259,2261,12800,25600,0),(1,15,877,3,'BS_Istebna',1,49,48,0,2259,2261,12800,25600,0),(1,15,878,3,'BS_Iwanowice',1,49,48,0,2259,2261,12800,25600,0),(1,15,879,3,'X1.103029',0,49,48,0,2259,2261,12800,25600,0),(1,15,880,3,'BS_Jedrzejow_Chrobrego',1,49,48,0,2259,2261,12800,25600,0),(1,15,881,3,'BS_KamieniecZabkowicki',1,49,48,0,2259,2261,12800,25600,0),(1,15,882,3,'BS_Kamionka',1,49,48,0,2259,2261,12800,25600,0),(1,15,883,3,'BS_Kamyk_Witosa5',1,49,48,0,2259,2261,12800,25600,0),(1,15,884,3,'BS_Kaniow(GPRS)',0,49,48,0,2259,2261,12800,25600,0),(1,15,885,3,'BS_Karmanowice',1,49,48,0,2259,2261,12800,25600,0),(1,15,886,3,'BS_Kazanow',1,49,48,0,2259,2261,12800,25600,0),(1,15,887,3,'X1.105009',1,49,48,0,2259,2261,12800,25600,0),(1,15,888,3,'BS_Klementowice',1,49,48,0,2259,2261,12800,25600,0),(1,15,889,3,'BS_Klobuck',1,49,48,0,2259,2261,12800,25600,0),(1,15,890,3,'BS_Klodzko_Chrobrego',1,49,48,0,2259,2261,12800,25600,0),(1,15,891,3,'X1.106678',0,49,48,0,2259,2261,12800,25600,0),(1,15,892,3,'BS_Kluczewsko',1,49,48,0,2259,2261,12800,25600,0),(1,15,893,3,'BS_Kobiernice',1,49,48,0,2259,2261,12800,25600,0),(1,15,894,3,'BS_KobylinBorzymy',1,49,48,0,2259,2261,12800,25600,0),(1,15,895,3,'BS_Kochanowice_Lubliniecka',1,49,48,0,2259,2261,12800,25600,0),(1,15,896,3,'BS_KolakiKoscielne_old',0,49,48,0,2259,2261,12800,25600,0),(1,15,897,3,'BS_Kolbaskowo_X25',1,49,48,0,2259,2261,12800,25600,0),(1,15,898,3,'BS_Komprachcice',1,49,48,0,2259,2261,12800,25600,0),(1,15,899,3,'BS_Konstantynow_old',0,49,48,0,2259,2261,12800,25600,0),(1,15,900,3,'BS_Krapkowice_Slowackieg',1,49,48,0,2259,2261,12800,25600,0),(1,15,901,3,'BS_Krasocin',1,49,48,0,2259,2261,12800,25600,0),(1,15,902,3,'BS_Krzeszowice',1,49,48,0,2259,2261,12800,25600,0),(1,15,903,3,'BS_Krzyzanowice_Twokowska',1,49,48,0,2259,2261,12800,25600,0),(1,15,904,3,'BS_Kunice',1,49,48,0,2259,2261,12800,25600,0),(1,15,905,3,'BS_Kurow',1,49,48,0,2259,2261,12800,25600,0),(1,15,906,3,'BS_Laczna',1,49,48,0,2259,2261,12800,25600,0),(1,15,907,3,'BS_Ledziny',1,49,48,0,2259,2261,12800,25600,0),(1,15,908,3,'BS_LegnicePole',1,49,48,0,2259,2261,12800,25600,0),(1,15,909,3,'BS_Libiaz_Oswiecimska',1,49,48,0,2259,2261,12800,25600,0),(1,15,910,3,'BS_LidzbarkWarm',1,49,48,0,2259,2261,12800,25600,0),(1,15,911,3,'BS_Dabrawa',1,49,48,0,2259,2261,12800,25600,0),(1,15,912,3,'BS_Lipowa',1,49,48,0,2259,2261,12800,25600,0),(1,15,913,3,'BS_Lodygowice',1,49,48,0,2259,2261,12800,25600,0),(1,15,914,3,'BS_Lomianki-X3',1,49,48,0,2259,2261,12800,25600,0),(1,15,915,3,'BS_Lopuszno_Piekoszow',1,49,48,0,2259,2261,12800,25600,0),(1,15,916,3,'BS_Lopuszno_Przedborska',1,49,48,0,2259,2261,12800,25600,0),(1,15,917,3,'BS_Lubycza_Krolewska_X25',1,49,48,0,2259,2261,12800,25600,0),(1,15,918,3,'BS_Makoszyce',1,49,48,0,2259,2261,12800,25600,0),(1,15,919,3,'BS_Marklowice(deinstal)',0,49,48,0,2259,2261,12800,25600,0),(1,15,920,3,'BS_Markuszow_Lubelska',1,49,48,0,2259,2261,12800,25600,0),(1,15,921,3,'BS_Kety(d.Miedzybrodzie_Zyw)_GPRS',0,49,48,0,2259,2261,12800,25600,0),(1,15,922,3,'BS_Miedzybrodzie_Bialskie',1,49,48,0,2259,2261,12800,25600,0),(1,15,923,3,'BS_Miedzylesie_Wolnosci',1,49,48,0,2259,2261,12800,25600,0),(1,15,1120,3,'X1.104315',0,49,48,1,2259,2261,12800,12800,1),(1,15,925,3,'BS_Mircze_Krylowska_29',1,49,48,0,2259,2261,12800,25600,0),(1,15,926,3,'BS_Myslachowice_Trzebinska',1,49,48,0,2259,2261,12800,25600,0),(1,15,933,3,'BS_Nowy_Targ',1,49,48,0,2259,2261,12800,25600,0),(1,15,934,3,'X1.103613',0,49,48,0,2259,2261,12800,25600,0),(1,15,935,3,'BS_Opole_Dambonia',1,49,48,0,2259,2261,12800,25600,0),(1,15,936,3,'BS_Opole_KsOpolskich',1,49,48,0,2259,2261,12800,25600,0),(1,15,937,3,'BS_Opole_Piotrkowska',1,49,48,0,2259,2261,12800,25600,0),(1,15,938,3,'BS_Osielsko',1,49,48,0,2259,2261,12800,25600,0),(1,15,939,3,'BS_OstrowiecSw_Szymanowskiego',1,49,48,0,2259,2261,12800,25600,0),(1,15,940,3,'BS_OstrowiecSw_Wardynskiego',1,49,48,0,2259,2261,12800,25600,0),(1,15,941,3,'BS_Konstantynow',1,49,48,0,2259,2261,12800,25600,0),(1,15,942,3,'BS_Pajeczno',1,49,48,0,2259,2261,12800,25600,0),(1,15,943,3,'BS_Palecznica',1,49,48,0,2259,2261,12800,25600,0),(1,15,944,3,'BS_Panki',1,49,48,0,2259,2261,12800,25600,0),(1,15,945,3,'BS_Pawlowice_Gornicza',1,49,48,0,2259,2261,12800,25600,0),(1,15,946,3,'BS_Pawlowice_Zjednoczenia',1,49,48,0,2259,2261,12800,25600,0),(1,15,947,3,'BS_Pielgrzymowice',1,49,48,0,2259,2261,12800,25600,0),(1,15,948,3,'BS_Pilchowice',1,49,48,0,2259,2261,12800,25600,0),(1,15,949,3,'BS_Pilzno_Legionow',1,49,48,0,2259,2261,12800,25600,0),(1,15,950,3,'BS_Pisarzowice',1,49,48,0,2259,2261,12800,25600,0),(1,15,951,3,'BS_Polaniec',1,49,48,0,2259,2261,12800,25600,0),(1,15,952,3,'BS_Popielow_Opolska',1,49,48,0,2259,2261,12800,25600,0),(1,15,953,3,'BS_Porabka',1,49,48,0,2259,2261,12800,25600,0),(1,15,954,3,'BS_Prazmow',1,49,48,0,2259,2261,12800,25600,0),(1,15,955,3,'BS_Proszowice',1,49,48,0,2259,2261,12800,25600,0),(1,15,956,3,'BS_Pszow',1,49,48,0,2259,2261,12800,25600,0),(1,15,957,3,'BS_Punsk',1,49,48,0,2259,2261,12800,25600,0),(1,15,958,3,'BS_Raciechowice_140',1,49,48,0,2259,2261,12800,25600,0),(1,15,959,3,'BS_Radkow',1,49,48,0,2259,2261,12800,25600,0),(1,15,960,3,'BS_Radom_Potkanowska',1,49,48,0,2259,2261,12800,25600,0),(1,15,961,3,'BS_Radom_Staroopatowska',1,49,48,0,2259,2261,12800,25600,0),(1,15,962,3,'BS_Radom_Wolanowska',1,49,48,0,2259,2261,12800,25600,0),(1,15,1109,3,'BS_Radziemice',1,49,48,0,2259,2261,12800,25600,0),(1,15,964,3,'BS_Rajcza_Gorska13',0,49,48,0,2259,2261,12800,25600,0),(1,15,965,3,'BS_Rakow_Wolnosci (GPRS)',0,49,48,0,2259,2261,12800,25600,0),(1,15,966,3,'BS_Rogow',1,49,48,0,2259,2261,12800,25600,0),(1,15,967,3,'BS_Rudzica(GPRS)',0,49,48,0,2259,2261,12800,25600,0),(1,15,968,3,'BS_Rutki',1,49,48,0,2259,2261,12800,25600,0),(1,15,969,3,'BS_Rybnik_Rynek10',1,49,48,0,2259,2261,12800,25600,0),(1,15,970,3,'BS_Rytel',1,49,48,0,2259,2261,12800,25600,0),(1,15,971,3,'BS_Rzeczniow',1,49,48,0,2259,2261,12800,25600,0),(1,15,972,3,'BS_Secemin',1,49,48,0,2259,2261,12800,25600,0),(1,15,973,3,'BS_Sejny_Marchlewskiego',1,49,48,0,2259,2261,12800,25600,0),(1,15,974,3,'BS_Sepopol',1,49,48,0,2259,2261,12800,25600,0),(1,15,975,3,'BS_Serniki',1,49,48,0,2259,2261,12800,25600,0),(1,15,976,3,'BS_Sicienko',1,49,48,0,2259,2261,12800,25600,0),(1,15,977,3,'BS_Sienno',1,49,48,0,2259,2261,12800,25600,0),(1,15,978,3,'BS_Siewierz',1,49,48,0,2259,2261,12800,25600,0),(1,15,979,3,'BS_Skalbmierz',1,49,48,0,2259,2261,12800,25600,0),(1,15,980,3,'BS_Slomniki_Zeromskiego1',1,49,48,0,2259,2261,12800,25600,0),(1,15,981,3,'BS_Sosnicowice',1,49,48,0,2259,2261,12800,25600,0),(1,15,982,3,'BS_SrebrnaGora',1,49,48,0,2259,2261,12800,25600,0),(1,15,983,3,'PEKAO_Brze_Inter',1,49,48,0,2259,2261,12800,25600,0),(1,15,984,3,'BS_Stopnica_Pilsudskiego',1,49,48,0,2259,2261,12800,25600,0),(1,15,985,3,'BS_Strawczyn',1,49,48,0,2259,2261,12800,25600,0),(1,15,986,3,'BS_Strzegocice',1,49,48,0,2259,2261,12800,25600,0),(1,15,987,3,'BS_Strzyzow_AK',1,49,48,0,2259,2261,12800,25600,0),(1,15,988,3,'BS_Studzionka',1,49,48,0,2259,2261,12800,25600,0),(1,15,989,3,'BS_Suszec',1,49,48,0,2259,2261,12800,25600,0),(1,15,1119,3,'X1.104708',0,49,48,1,2259,2261,12800,12800,1),(1,8,1482,3,'TMR-FS-KeyFighter SNxxxxx',0,165,169,1,4424,4422,60000,51000,1),(1,16,993,3,'Fiskebank (Furuno) 157414',1,84,83,1,1548,1543,32000,128000,1),(1,15,994,3,'X1.103988',0,49,48,0,2259,2261,12800,25600,0),(1,15,995,3,'BS_Swornegacie',1,49,48,0,2259,2261,12800,25600,0),(1,15,996,3,'BS_Szczecin_Wyzwolenia_X25',1,49,48,0,2259,2261,12800,25600,0),(1,15,1111,3,'PEKAO_Wars_Marsa',1,49,48,0,2259,2261,12800,25600,0),(1,15,998,3,'BS_Szczytna',1,49,48,0,2259,2261,12800,25600,0),(1,15,999,3,'BS_Szczytno_Chrobrego',1,49,48,0,2259,2261,12800,25600,0),(1,15,1000,3,'BS_Chróœcice',1,49,48,0,2259,2261,12800,25600,0),(1,15,1002,3,'BS_Szczytno_Solidarnoœci',1,49,48,0,2259,2261,12800,25600,0),(1,15,1004,3,'BS_Szydlowiec',1,49,48,0,2259,2261,12800,25600,0),(1,15,1005,3,'BS_Tapkowice',1,49,48,0,2259,2261,12800,25600,0),(1,15,1008,3,'BS_Trzebinia_Grunwaldzka',1,49,48,0,2259,2261,12800,25600,0),(1,15,1009,3,'X1.103825',0,49,48,0,2259,2261,12800,25600,0),(1,15,1010,3,'BS_Trzeszczany',1,49,48,0,2259,2261,12800,25600,0),(1,15,1011,3,'BS_Tworkow',1,49,48,0,2259,2261,12800,25600,0),(1,15,1012,3,'BS_Tychy_Damrota',1,49,48,0,2259,2261,12800,25600,0),(1,15,1013,3,'BS_Tychy_Sadowa3',1,49,48,0,2259,2261,12800,25600,0),(1,15,1014,3,'BS_Tychy_Tischnera',1,49,48,0,2259,2261,12800,25600,0),(1,15,1015,3,'X1.106222',0,49,48,0,2259,2261,12800,25600,0),(1,15,1016,3,'BS_Ulhowek_X25',1,49,48,0,2259,2261,12800,25600,0),(1,15,1017,3,'BS_Ustron_Daszynskiego',1,49,48,0,2259,2261,12800,25600,0),(1,15,1018,3,'X1.106491',0,49,48,0,2259,2261,12800,25600,0),(1,15,1019,3,'BS_Ustron_Sanatoryjna',1,49,48,0,2259,2261,12800,25600,0),(1,15,1020,3,'BS_Warszawa_PrzyAgorze',1,49,48,0,2259,2261,12800,25600,0),(1,15,1021,3,'BS_Wegliniec_GPRS',0,49,48,0,2259,2261,12800,25600,0),(1,15,1022,3,'BS_Werbkowice',1,49,48,0,2259,2261,12800,25600,0),(1,15,1023,3,'BS_Wieprz',1,49,48,0,2259,2261,12800,25600,0),(1,15,1024,3,'BS_Wilamowice',1,49,48,0,2259,2261,12800,25600,0),(1,15,1025,3,'BS_Wisla_1Maja',1,49,48,0,2259,2261,12800,25600,0),(1,15,1026,3,'BS_Wisniowa_441',1,49,48,0,2259,2261,12800,25600,0),(1,15,1027,3,'BS_Wisniowa_646',1,49,48,0,2259,2261,12800,25600,0),(1,15,1028,3,'BS_Wloszczowa_Partyzantow',1,49,48,0,2259,2261,12800,25600,0),(1,15,1029,3,'BS_Wodzislaw_Krakowska',1,49,48,0,2259,2261,12800,25600,0),(1,15,1030,3,'BS_Wodzislaw_Mendego',1,49,48,0,2259,2261,12800,25600,0),(1,15,1031,3,'BS_Wodzislaw_slaski_os_1Maja',1,49,48,0,2259,2261,12800,25600,0),(1,15,1032,3,'BS_WolaFilipkowska',1,49,48,0,2259,2261,12800,25600,0),(1,15,1033,3,'BS_Wolanow_BP',1,49,48,0,2259,2261,12800,25600,0),(1,15,1034,3,'BS_Wolbrom_1Maja',1,49,48,0,2259,2261,12800,25600,0),(1,15,1035,3,'BS_Wolbrom_Krakowska',1,49,48,0,2259,2261,12800,25600,0),(1,15,1036,3,'BS_Wyry',1,49,48,0,2259,2261,12800,25600,0),(1,15,1037,3,'BS_Zabk_Slask_Jasna2A',1,49,48,0,2259,2261,12800,25600,0),(1,15,1038,3,'BS_Zabk_Slask_Rynek10',1,49,48,0,2259,2261,12800,25600,0),(1,15,1039,3,'BS_Zabk_Slask_20-lecia',1,49,48,0,2259,2261,12800,25600,0),(1,15,1040,3,'BS_Zambrow_Bema',1,49,48,0,2259,2261,12800,25600,0),(1,15,1041,3,'BS_Zambrow_Bialostocka',1,49,48,0,2259,2261,12800,25600,0),(1,15,1042,3,'BS_Zambrow_Fabryczna',1,49,48,0,2259,2261,12800,25600,0),(1,15,1043,3,'PEKAO_Woodstock_4',0,49,48,0,2259,2261,12800,25600,0),(1,15,1044,3,'BS_Zambrow_pl_Targowy',1,49,48,0,2259,2261,12800,25600,0),(1,15,1045,3,'BS_Zambrow_WojPol',1,49,48,0,2259,2261,12800,25600,0),(1,15,1046,3,'BS_Zarnowiec_Rynek14',1,49,48,0,2259,2261,12800,25600,0),(1,15,1047,3,'BS_Zary_Moniuszki_GPRS',0,49,48,0,2259,2261,12800,25600,0),(1,15,1048,3,'BS_Zary_Ulanska_GPRS',0,49,48,0,2259,2261,12800,25600,0),(1,15,1049,3,'BS_Zawady',1,49,48,0,2259,2261,12800,25600,0),(1,15,1050,3,'BS_Zawidow',1,49,48,0,2259,2261,12800,25600,0),(1,15,1051,3,'BS_Ziembice',1,49,48,0,2259,2261,12800,25600,0),(1,15,1052,3,'BS_Zlotniki_Kujawskie_Koscielna',1,49,48,0,2259,2261,12800,25600,0),(1,15,1053,3,'BS_Zlotniki_Kujawskie_Podgorna',1,49,48,0,2259,2261,12800,25600,0),(1,15,1054,3,'BS_Zlotoryja',1,49,48,0,2259,2261,12800,25600,0),(1,15,1055,3,'BS_ZlotyStok_Rynek',1,49,48,0,2259,2261,12800,25600,0),(1,15,1056,3,'BS_Zory_osSobieskiego',1,49,48,0,2259,2261,12800,25600,0),(1,15,1057,3,'BS_Zory_PowstSlaskich',1,49,48,0,2259,2261,12800,25600,0),(1,15,1058,3,'BS_Zory_Wodzislawska',1,49,48,0,2259,2261,12800,25600,0),(1,15,1059,3,'BS_Zwolen',1,49,48,0,2259,2261,12800,25600,0),(1,15,1060,3,'BS_Zywiec_Browarna',1,49,48,0,2259,2261,12800,25600,0),(1,15,1061,3,'BS_Zywiec_Rynek23',1,49,48,0,2259,2261,12800,25600,0),(1,15,1062,3,'PEKAO_Alwernia_UM',1,49,48,0,2259,2261,12800,25600,0),(1,15,1063,3,'PEKAO_Bielawa',1,49,48,0,2259,2261,12800,25600,0),(1,15,1064,3,'X1.104753',0,49,48,0,2259,2261,12800,25600,0),(1,15,1065,3,'PEKAO_Brze_ZOZ',1,49,48,0,2259,2261,12800,25600,0),(1,15,1066,3,'PEKAO_Chelm',1,49,48,0,2259,2261,12800,25600,0),(1,15,1067,3,'PEKAO_Chrzanow',0,49,48,0,2259,2261,12800,25600,0),(1,15,1070,3,'PEKAO_Jedrzejow',1,49,48,0,2259,2261,12800,25600,0),(1,15,1069,3,'PEKAO_Gdynia',1,49,48,0,2259,2261,12800,25600,0),(1,15,1071,3,'PEKAO_Jedrzejow2',1,49,48,0,2259,2261,12800,25600,0),(1,15,1072,3,'PEKAO_Kanczuga',0,49,48,0,2259,2261,12800,25600,1),(1,15,1073,3,'PEKAO_Kedz_Ws.M.',1,49,48,0,2259,2261,12800,25600,0),(1,15,1075,3,'PEKAO_Kedz_Z.Az.',1,49,48,0,2259,2261,12800,25600,0),(1,15,1078,3,'PEKAO_Koronowo',1,49,48,0,2259,2261,12800,25600,0),(1,15,1077,3,'PEKAO_Kornik',1,49,48,0,2259,2261,12800,25600,0),(1,15,1083,3,'PEKAO_Leszno',1,49,48,0,2259,2261,12800,25600,0),(1,15,1086,3,'PEKAO_Mielec',1,49,48,0,2259,2261,12800,25600,0),(1,15,1085,3,'PEKAO_Lomza',1,49,48,0,2259,2261,12800,25600,0),(1,15,1087,3,'PEKAO_Mlawa_Biblioteka',1,49,48,0,2259,2261,12800,25600,0),(1,15,1092,3,'PEKAO_NowaSol',1,49,48,0,2259,2261,12800,25600,0),(1,8,1319,3,'TMR-FL-Fjordcat SN7780',1,255,254,1,3603,3601,700000,4096000,1),(1,15,1093,3,'PEKAO_Osrol_Leclerc',1,49,48,0,2259,2261,12800,25600,0),(1,15,1091,3,'MY Attitude (AST) 162543',1,49,48,0,1063,1054,316,1,1),(1,15,1094,3,'PEKAO_Pias_Auchan',1,49,48,0,2259,2261,12800,25600,0),(1,15,1095,3,'PEKAO_Pilawa',1,49,48,0,2259,2261,12800,25600,0),(1,15,1096,3,'PEKAO_Rybnik',1,49,48,0,2259,2261,12800,25600,0),(1,15,1097,3,'PEKAO_Rypin',1,49,48,0,2259,2261,12800,25600,0),(1,15,1098,3,'PEKAO_Siedlce',0,49,48,0,2259,2261,12800,25600,0),(1,15,1099,3,'PEKAO_Sitkowka',1,49,48,0,2259,2261,12800,25600,0),(1,15,1100,3,'PEKAO_Skoc',1,49,48,0,2259,2261,12800,25600,0),(1,15,1101,3,'X1.103274',0,49,48,0,2259,2261,12800,25600,0),(1,15,1102,3,'PEKAO_Sopot',1,49,48,0,2259,2261,12800,25600,0),(1,15,1103,3,'PEKAO_Sosn_Sklep',1,49,48,0,2259,2261,12800,25600,0),(1,15,1104,3,'PEKAO_Sosn_Sphinks',1,49,48,0,2259,2261,12800,25600,0),(1,15,1105,3,'PEKAO_Stargard',1,49,48,0,2259,2261,12800,25600,0),(1,15,1106,3,'PEKAO_Tuchow',1,49,48,0,2259,2261,12800,25600,0),(1,15,1107,3,'PEKAO_Wars_Ghandi',0,49,48,0,2259,2261,12800,25600,0),(1,15,1117,3,'BS_Zambrow_JanaPawlaII',1,49,48,0,2259,2261,12800,25600,0),(1,15,1122,3,'BS_Kety_Sobieskiego',1,49,48,0,2259,2261,12800,25600,0),(1,15,1112,3,'PEKAO_Wars_Selgros',1,49,48,0,2259,2261,12800,25600,0),(1,15,1113,3,'PEKAO_Wejherowo',1,49,48,0,2259,2261,12800,25600,0),(1,15,1114,3,'PEKAO_Test',0,49,48,0,2259,2261,12800,25600,0),(1,15,1121,3,'BS_Mikolow',1,49,48,0,2259,2261,12800,25600,0),(1,15,1123,3,'BS_KolakiKosciel',1,49,48,0,2259,2261,100000,25600,0),(3,12,1764,3,'m/v Timberland (Satpoint) 164529',0,250,249,1,426,419,64000,512000,1),(1,16,1605,3,'MY Sun Rise Port (Voyager IP)078776',0,204,203,1,4892,4889,51000,256000,1),(1,16,1128,3,'Amore Mio II (AGC Marine) 128922',1,144,143,1,4108,4106,25600,204800,1),(5,21,1723,3,'M/V Mimer (SatPoint) 53298',1,250,249,1,3715,3706,2000,1,1),(1,20,1724,3,'M/V Mimer (SatPoint) 53298',1,250,249,1,3432,3423,64000,256000,1),(1,16,1132,3,'SeaTeu (Voyager IP) 154265',0,204,203,0,4892,4889,2000,1,1),(1,1,1139,3,'Springbok  Starboard (155435)',0,49,48,0,775,778,788480,2067000,0),(1,1,1136,3,'M/V Aurelia (Navteam) Orbit 134385',0,118,117,1,400,398,2000,1,1),(1,16,1226,3,'Veronica (Barry Electronics) #160781',1,123,122,1,4250,4248,12800,51200,1),(1,18,1137,3,'Ocean Venture (Barry Electronics) 154091',1,123,122,1,1734,1725,12800,51200,1),(1,16,1240,3,'Cobham Demo (Cobham) 90879',1,49,48,0,1179,1170,2000,1,0),(1,15,1625,3,'Caroline Sea 2 (Themys) 153351',1,163,182,1,1063,1054,64000,256000,1),(1,15,1146,3,'SeaTur (Voyager IP) 154241',0,49,48,0,1063,1054,2000,1,0),(1,15,1143,3,'X1.103107',0,49,48,1,2259,2261,12800,12800,1),(1,8,1481,3,'TMR-MYtterstad SN20404',1,165,169,1,4424,4422,60000,102000,1),(1,10,1211,3,'Nordsjøbas (Furuno) 157287',1,84,83,1,927,929,32000,128000,1),(1,8,1351,3,'TMR-CL-Superspeed2 SN20373',1,234,233,1,5011,5012,1536000,6144000,1),(1,16,1352,3,'Åkerøy (Furuno) 163021',0,84,83,1,1548,1543,32000,128000,1),(1,1,1303,3,'MT1(MilanoTeleport) #154384',1,49,48,1,400,398,25600,102400,1),(1,16,1619,3,'MY Sherakhan(Oceansat) 158135',1,135,134,0,1179,1170,2000,1,0),(1,16,1156,3,'Havila (Barry Electronics) 154546',1,123,122,1,4250,4248,12800,51200,1),(1,16,1159,3,'Toennsnes (Furuno) 104779',1,84,83,1,1548,1543,32000,128000,1),(1,16,1263,3,'FSE- Ekfors (Furuno) 163808',1,84,83,1,1548,1543,32000,64000,1),(1,1,1267,3,'Marel Test 1 (Marel) 166976 ',1,188,187,1,400,398,128000,256000,1),(1,1,1209,3,'M-Solhaug (Furuno) 104796',1,84,83,1,219,697,32000,128000,1),(1,8,1502,3,'TMR-Heidrun SN20465',1,165,169,1,4424,4422,60000,102000,1),(1,8,1503,3,'TMR-RN-Roaldnes SN20469',1,165,169,1,4456,4455,256000,512000,1),(1,17,1173,3,'Krossfjord (Barry Electronics) 154772',1,123,122,1,1755,1200,12800,51200,1),(5,21,1336,5,'XLC-11 SN201439 -Slot20',1,0,0,0,-1,-1,-1,-1,0),(5,21,1339,3,'TUK Test 47016',1,49,48,0,3715,3706,128000,1,0),(1,16,1428,3,'Celtic Voyager (Barry Electronics) 161802',1,123,122,1,4250,4248,12800,51200,1),(1,8,1338,3,'TMR-LIE-Ligrunn SN20345',1,165,169,1,4424,4422,60000,102000,1),(1,1,1179,3,'Nit-Intellian-Ref-X7(TSBc)6162',1,49,48,0,400,398,2000,1,0),(1,16,1180,3,'Krossfjord (Barry Electronics) 154772',1,123,122,1,4250,4248,12800,5200,1),(1,16,1738,3,'Peadar Elaine (Barry Electronics) 156171',1,123,122,1,4250,4248,12800,51200,1),(1,8,1504,3,'TMR-RN-Langenes SN20370',1,165,169,1,4456,4455,256000,512000,1),(1,16,1186,3,'Antarctic (Barry electronics) 150612',1,123,122,1,4250,4248,12800,51200,1),(1,16,1189,3,'Neptune (Barry Electronic) 154651',1,123,122,1,4250,4248,12800,51200,1),(1,16,1190,3,'Umoe Ventus (furuno) 157377',1,84,83,1,1548,1543,32000,128000,1),(1,16,1191,3,'Paula (Barry Electronic) 154687',1,123,122,1,4250,4248,12800,51200,1),(1,16,1196,3,'Western Endeavour (Barry Electronics) 161873',1,123,122,1,4250,4248,12800,51200,1),(1,1,1229,3,'Spot Beam Eik-01 (TSBc) 7838',0,49,48,0,400,398,2000,1,0),(1,16,1227,3,'Felucca (Barry Electronics) #157916',1,123,122,1,4250,4248,12800,51200,1),(1,16,1222,3,'CT Offshore 1(SeaSat) #154226',1,164,162,0,1179,1170,2000,1,1),(1,18,1499,3,'FrMckee (Barry Electronics) 156673',1,123,122,1,1734,1725,12800,51200,1),(3,12,1228,3,'m/y TUEQ (SRH Marine) 3584',0,49,48,0,426,419,2000,1,0),(1,16,1548,3,'DP CIRRUS (SIRM) 119294',1,49,48,1,1179,1170,102400,204800,1),(1,20,1547,3,'Dream Weaver (Atlantic Radio Telephone) 170990',1,49,48,1,3432,3423,32000,128000,1),(1,10,1479,3,'Fugro Saltire (Furuno) 55678',1,84,83,1,927,929,64000,256000,1),(3,12,1216,3,'SeaTeu (Voyager IP) 154265',0,49,48,0,282,419,25600,102400,0),(1,1,1233,3,'Spot Beam Eik-03 (TSBc) 2543',0,49,48,0,400,398,2000,1,0),(1,1,1234,3,'Haugagutt (Furuno) 162466',1,84,83,1,219,697,32000,128000,1),(1,16,1235,3,'Velvet Chord 2 (Barry Electronics) 158082',1,123,122,1,4250,4248,12800,51200,1),(1,1,1238,3,'Spot Beam IRELAND-02 (TSBc) 5072',0,49,48,0,400,398,2000,1,0),(1,16,1318,3,'Quantum Blue (Cell Weaver) 9774',1,163,182,1,1179,1170,768000,3072000,1),(1,17,1276,3,'Sendje 5 (SATCONXION) 86599',1,149,148,1,1755,1200,25600,102400,1),(3,12,1259,3,'QMS Neptune (Monarch) 153645',1,163,182,1,426,419,51200,204800,1),(1,20,1243,2,'XLC-11 SN55215',1,0,0,0,-1,-1,-1,-1,0),(1,16,1281,3,'Western Viking (Barry Electronics) 157239',1,123,122,1,4250,4248,12800,51200,1),(1,17,1246,3,'Sendje 3 (SATCONXION) 83309',1,149,148,1,1755,1200,25600,102400,1),(1,17,1247,3,'Sendje 4 (SATCONXION) 83336',1,149,148,1,1755,1200,25600,102400,1),(1,8,1410,3,'TMR-FS-SilverRiver SN20307',0,165,169,1,4424,4422,60000,51000,1),(3,12,1643,3,'DEMO BENGHAZI (Arabsky) 97369',1,49,48,1,426,419,51200,204800,1),(3,12,1581,3,'FT Portoria (Arskom) 154413',1,213,212,1,426,419,12800,51200,1),(1,8,1325,3,'TMR-TromsPollux SN6629',1,165,169,1,4424,4422,60000,102400,1),(1,16,1529,3,'MY LEGEND (OceanSat) 154751',0,135,134,1,1179,1170,12800,51200,1),(1,1,1262,3,'Spot Beam Mallorca-02 (TSBc) 6679',0,49,48,0,400,398,2000,1,0),(1,16,1275,3,'Mark Amay(Barry Electronics) 161528',1,123,122,1,4250,4248,12800,51200,1),(1,16,1278,3,'Vigilant (Barry Electronics) 161301',1,123,122,1,4250,4248,12800,51200,1),(3,12,1279,3,'Al Azizi (AGC Marine) 180153',0,144,143,0,426,419,2000,1,0),(1,16,1287,3,'Maniitsoq (Furuno) 163062',1,84,83,1,1548,1543,32000,128000,1),(1,16,1562,3,'Hokulani (Voyager IP) 107714',1,204,203,1,4892,4889,102400,240000,1),(1,17,1561,3,'Awaritse Prince Joseph 1 (Verhagen) 134428',0,49,48,1,1755,1200,102400,409600,1),(3,12,1576,3,'VAOS NAFOORA (Arabskys) 88797',1,49,48,0,4584,4582,-1,1,0),(1,1,1461,3,'H Østervoll (Furuno) 157571',1,84,83,1,219,697,32000,128000,1),(1,1,1416,3,'E349 Cattleya (SeaMaster) 157129',1,217,216,1,400,398,12800,51200,1),(1,20,1447,1,'XLC-M SN 44722',1,0,0,0,-1,-1,-1,-1,0),(1,16,1292,3,'Bacarella (AGC Marine) 167862',1,144,143,1,1179,1170,256000,2048000,1),(1,16,1294,3,'Furuno JFD (AGC Marine) 166820',1,144,143,1,4108,4106,64000,256000,1),(1,8,1296,3,'TMR-Vikingbank SN7834',1,165,169,1,4424,4422,60000,102400,1),(1,16,1297,3,'SeaTur (Voyager IP) 154241',0,204,203,0,4892,4889,2000,1,1),(1,16,1298,3,'MT1(MilanoTeleport) #154384',1,49,48,1,1179,1170,2000,1,1),(1,16,1524,3,'Omega 2 (Voyager IP) 150698',0,204,203,0,4892,4889,102400,409600,0),(1,16,1300,3,'M/V Aurelia (Navteam) Intellian154643',1,49,48,1,1179,1170,51200,204800,1),(1,1,1302,3,'SeaTur (Voyager IP) 154241',0,49,48,0,400,398,25600,102400,0),(1,16,1430,3,'Adrianne ( Barry Electronics ) 158179',1,123,122,1,4250,4248,12800,51200,1),(1,20,1316,3,'Delta Admiral (Verhagen) 154678',1,49,48,1,3432,3423,25600,102400,1),(1,15,1635,3,'OPV Tyr (Indra System)  3058',1,49,48,1,1063,1054,316,1,1),(1,8,1308,3,'TMR-Sola SN20391',0,165,169,1,314,2085,512000,1024000,1),(1,8,1670,3,'Nit-Ref-X5 72861',1,49,48,1,4424,4422,12800,51200,1),(1,15,1321,3,'X1.104906',0,49,48,0,2259,2261,12800,12800,0),(1,20,1458,3,'T14R-MTJREF',1,49,48,0,3432,3423,25600,102400,0),(1,17,1327,3,'Sendje 6 (SATCONXION) 174873',1,149,148,1,1755,1200,25600,102400,1),(1,20,1341,3,'Unforgettable (Voyager IP) 180464',0,163,182,0,3432,3423,316,1,0),(1,8,1343,3,'TMR-FL-Stavangerfjord SN9054',1,255,254,1,3603,3601,700000,4096000,1),(1,8,1344,3,'TMR-FL-Bergensfjord SN20281',1,255,254,1,3603,3601,700000,4096000,1),(1,8,1345,3,'TMR-FL-Oslofjord SN9009',1,255,254,1,3603,3601,100000,256000,1),(1,1,1346,3,'MPS Ariana (OceanSat) 157502',1,135,134,1,400,398,64000,102400,1),(1,8,1353,3,'TMR-HRG-Midnatsol SN20349',1,165,169,1,3577,3567,51200,204800,1),(1,8,1350,1,'XLC-M SN201106',1,0,0,0,-1,-1,-1,-1,0),(1,16,1355,3,'Office-test (SRH Marine) 155694',1,49,48,0,1179,1170,2000,1,0),(3,12,1356,3,'Office-test (SRH Marine) 155694',1,49,48,0,426,419,2000,1,0),(1,16,1671,3,'Office Test 2 (AGC Marine) 93158',0,103,102,0,4108,4106,-1,1,0),(1,8,1446,3,'TMR-CL-Fantasy SN20411',1,234,233,1,5011,5012,2048000,6144000,1),(1,8,1360,3,'TMR-HRG-Finnmarken SN20486',1,165,169,1,3577,3567,51200,204800,1),(1,8,1361,3,'TMR-HRG-Fram SNxxxxx',0,165,169,1,3577,3567,51200,204800,1),(1,8,1362,3,'TMR-HRG-Kongharald SN20438',1,165,169,1,3577,3567,51200,204800,1),(1,15,1681,3,'MY Gerosa (Voyager IP) 154359',1,204,203,0,1063,1054,2000,1,0),(1,16,1592,3,'Boy Jason (Barry Electronics) 156614',1,123,122,1,4250,4248,12800,51200,1),(1,16,1739,3,'INS Spare (Voyager IP - INS) 190743',0,204,203,1,4891,4888,316,1,1),(1,8,1368,3,'TMR-Harvest SN20409',1,165,169,1,4424,4422,60000,102000,1),(1,1,1369,3,'M/V Aurelia (Navteam) Intellian154643',1,49,48,1,400,398,51200,204800,1),(1,10,1370,3,'Demerest Tide (Furuno) 157084',1,84,83,1,927,929,64000,128000,1),(1,17,1372,3,'Demerest Tide (Furuno) 157084',1,84,83,1,1755,1200,64000,128000,1),(1,16,1460,3,'Simon Stevin (AlphatronMarine) 101575',1,49,48,1,1179,1170,256000,256000,1),(1,10,1683,3,'Fisktrans (Furuno) 163015',1,84,83,1,927,929,32000,128000,1),(1,17,1375,3,'Awaritse Prince Job I (Verhagen) 181917',1,49,48,1,1755,1200,102400,409600,1),(1,8,1376,3,'TMR-HRG-Nordkapp SN20317',1,165,169,1,3577,3567,51200,204800,1),(1,8,1377,3,'TMR-HRG-Nordlys SN20400',0,165,169,1,3577,3567,51200,204800,1),(1,8,1378,3,'TMR-HRG-Nordnorge SN20493',1,165,169,1,3577,3567,51200,204800,1),(1,8,1379,3,'TMR-HRG-Polarlys SN20466',1,165,169,1,3577,3567,51200,204800,1),(1,8,1380,3,'TMR-HRG-RichardWith SN20353',1,165,169,1,3577,3567,51200,204800,1),(1,8,1381,3,'TMR-HRG-Trollfjord SN20299',1,165,169,1,3577,3567,51200,204800,1),(1,8,1382,3,'TMR-HRG-Vesteraalen SN20376',1,165,169,1,3577,3567,51200,204800,1),(1,8,1401,3,'TMR-FS-SilverLake SN20315',1,165,169,1,4424,4422,60000,51000,1),(1,8,1385,3,'TMR-Vestviking SN2689',1,165,169,1,4424,4422,60000,102000,1),(1,8,1386,3,'TMR-NS-Atlanticguardian SN20509',1,165,169,1,314,2085,768000,1536000,1),(1,8,1387,3,'TMR-NS-Giant SN4615',1,165,169,1,314,2085,2406000,3686000,1),(1,16,1637,3,'Eagle Barents (163200)',1,84,83,1,1548,1543,64000,128000,1),(1,15,1658,3,'MY Sherakhan(Oceansat) 158135',1,135,134,1,1063,1054,25600,51200,1),(1,1,1390,3,'Arti Marin Office (Arti Marin Elektrik) 167657',0,49,48,1,400,398,25600,102400,1),(1,16,1391,3,'Marliona (Barry Electronics) 154970',1,123,122,1,4250,4248,12800,51200,1),(1,18,1638,3,'Lybean (Voyager IP) 125520',1,204,203,0,1734,1725,2000,102400,0),(1,10,1704,3,'Troms Mira (Furuno) 163007',0,84,83,1,927,929,64000,128000,1),(1,17,1394,3,'Anna-B (Oceansat) 161541',1,135,134,1,1755,1200,204800,204800,1),(3,12,1395,3,'p-nawaf riyadh (Wideband) 146245',0,49,48,0,426,419,256000,1536000,0),(1,1,1396,3,'Spot Beam STHML-01 (TSBc) 9867',0,49,48,0,400,398,-1,1,0),(1,1,1397,3,'Spot Beam STHML-02 (TSBc) 10072',0,0,0,0,-1,-1,-1,1,0),(3,12,1398,3,'Zillah (Arabskys)007041',1,49,48,1,426,419,12800,51200,1),(1,10,1407,3,'Havdrøn (Furuno) 163219',1,84,83,1,927,929,32000,128000,1),(1,1,1421,3,'FT Sturla (Arskom) 108132',1,49,48,1,400,398,3200,12800,1),(1,16,1624,3,'Alphatron_workshop 137896',1,163,182,1,1179,1170,12800,51200,1),(1,1,1422,3,'M/T OVIT (Arskom) 156729',1,49,48,1,400,398,3200,12800,1),(1,16,1545,3,'LCS-163955 (Milano Teleport) 163955',1,49,48,1,1179,1170,25600,102400,1),(1,15,1419,3,'FT Sturla (Arskom) 108132',1,49,48,1,1063,1054,3200,12800,1),(3,12,1420,3,'FT Sturla (Arskom) 108132',1,49,48,1,426,419,12800,51200,1),(3,12,1424,3,'M/T OVIT (Arskom) 156729',1,49,48,1,426,419,12800,51200,1),(1,8,1462,3,'TMR-CS-SeaSafety SN20440',1,165,169,1,4424,4422,60000,51000,1),(1,20,1465,3,'ART Home Office (Atlantic Radio Telephone) 171020',1,49,48,1,3432,3423,64000,256000,1),(1,8,1466,3,'TMR-Torbas SN20310',1,165,169,1,4424,4422,60000,102000,1),(1,20,1467,3,'Croatia Yacht (Sky-Stream LLC) 152983',1,49,48,1,3432,3423,64000,128000,1),(1,15,1468,3,'Lady Sarya (SRH Marine) 161586',0,49,48,1,1063,1054,102400,409600,1),(1,16,1533,3,'KVistad 1 (AST) 181737',1,209,208,1,1179,1170,12800,51200,1),(1,16,1534,3,'Brendelen (Barry Electronics) 157540',1,123,122,1,4250,4248,25600,102400,1),(1,16,1492,3,'Lonnoy (AST) 164399',1,209,208,1,1179,1170,12800,51200,1),(1,16,1493,3,'Nomad (Barry Electronics) 156454',1,123,122,1,4250,4248,12800,51200,1),(1,16,1477,3,'Aine (Barry Electronics) 131331',1,123,122,1,4250,4248,12800,51200,1),(1,8,1484,3,'TMR-CS-SeaPilot SNxxxxx',0,165,169,1,4424,4422,60000,51000,1),(1,8,1485,3,'TMR-CS-SeaSailor SNxxxxx',0,165,169,1,4424,4422,60000,51000,1),(3,12,1487,3,'Cimil (Arskom) 163922',1,213,212,1,426,419,12800,51200,1),(1,8,1543,3,'TMR-Rav SN20513',1,165,169,1,4424,4422,60000,102000,1),(1,16,1489,3,'Morten Einar (Furuno) 155967',1,84,83,1,1548,1543,32000,128000,1),(1,16,1513,3,'Pacelli (Barry Electronics) 157541',1,123,122,1,4250,4248,12800,51200,1),(1,8,1544,3,'TMR-HF-GadusNjord SN20402',1,165,169,1,4424,4422,60000,102000,1),(1,10,1705,3,'Troms Lyra (Furuno) 104892',1,84,83,1,927,929,64000,128000,1),(1,15,1505,3,'X1.103128',0,49,48,0,2259,2261,12800,25600,0),(1,1,1498,3,'TMR-MYtterstad SN20404',0,165,169,1,1366,366,32000,128000,1),(1,18,1500,3,'Brendelen (Barry Electronics) 157540',1,123,122,1,1734,1725,25600,102400,1),(1,16,1516,3,'Omega 1 (Voyager IP) 161733',0,204,203,0,4892,4889,102400,409600,0),(1,1,1506,3,'Mervel V (H2O) 150096',1,127,126,1,400,398,12800,51200,1),(1,15,1507,3,'X1.103501',1,49,48,0,2259,2261,12800,25600,0),(1,15,1508,3,'X1.104199',0,49,48,0,2259,2261,12800,25600,0),(1,15,1509,3,'X1.104803',0,49,48,0,2259,2261,12800,25600,0),(1,1,1551,3,'TMR-Torbas SN20310',0,165,169,1,1366,366,60000,128000,1),(1,15,1511,3,'X1.104994',0,49,48,0,2259,2261,12800,25600,0),(1,16,1535,3,'FrMckee (Barry Electronics) 156673',1,123,122,1,4250,4248,12800,51200,1),(1,15,1517,3,'Omega 1 (Voyager IP) 161733',0,49,48,0,1063,1054,102400,409600,0),(1,1,1536,3,'TMR-Akeroy SN20372',0,165,169,1,1366,366,32000,128000,1),(1,16,1567,3,'Nit-Intellian-Ref-X7(TSBc)6162',1,49,48,0,1179,1170,2000,1,0),(1,8,1520,3,'TMR-Akeroy SN20372',1,165,169,1,4424,4422,60000,102000,1),(1,16,1521,3,'Foyle Warrior (Barry Electronics) 155795',1,123,122,1,4250,4248,12800,51200,1),(1,8,1539,3,'TMR-LIE-Libas SN20525',1,165,169,1,4424,4422,256000,256000,1),(1,1,1540,3,'MPS Elegant Lady (Oceansat) 155872',1,135,134,1,400,398,64000,102400,1),(1,16,1554,3,'Langøy (Furuno) 162529',1,84,83,1,1548,1543,32000,128000,1),(1,16,1569,3,'Ocean Prawns (Furuno DK) 92323',0,221,220,0,1179,1170,25600,102400,0),(3,12,1577,3,'VAOS ZUEITINA (Arabskys) 88849',1,49,48,0,4584,4582,-1,1,0),(1,15,1559,3,'MY Aurelia (Motivtelecom) 4992',1,246,245,1,1063,1054,51200,204800,1),(1,15,1563,3,'Hokulani (Voyager IP) 107714',0,204,203,0,1063,1054,102400,256000,0),(1,16,1564,3,'Awaritse Prince Joseph 1 (Verhagen) 134428',1,49,48,1,0,0,102400,409600,1),(1,18,1565,3,'Hokulani (Voyager IP) 107714',1,204,203,0,1734,1725,102400,256000,0),(1,16,1615,3,'Rosenborg (Furuno) 180251',1,84,83,1,1548,1543,32000,128000,1),(1,18,1568,3,'Nit-Intellian-Ref-X7(TSBc)6162',1,49,48,0,1734,1725,2000,1,0),(5,21,1570,3,'Ocean Prawns (Furuno DK) 92323',0,221,220,0,3715,3706,25600,102400,0),(1,1,1582,3,'FT Portoria (Arskom) 154413',1,213,212,1,400,398,12800,51200,1),(1,15,1571,3,'New Remote #1571',0,0,0,0,-1,-1,-1,-1,0),(1,15,1572,3,'VAOS Tripoli (Arabskys) 88846',1,49,48,1,1063,1054,51200,409600,1),(3,12,1573,3,'VAOS AMAL (Arabskys) 88997',1,49,48,0,4584,4582,-1,1,0),(3,12,1574,3,'VAOS BREGA (arabskys) 88834',1,49,48,0,4584,4582,-1,1,0),(5,21,1575,3,'Maniitsoq (Furuno) 163062',1,84,83,1,3715,3706,32000,128000,1),(3,12,1578,3,'VAOS BENGHAZI (Arabskys) 88839',1,49,48,0,4584,4582,-1,1,0),(1,15,1580,3,'FT Portoria (Arskom) 154413',1,213,212,1,1063,1054,12800,51200,1),(1,20,1583,3,'NoComment (Voyager IP) 164327',1,204,203,1,3432,3423,51200,204800,1),(5,21,1584,3,'NoComment (Voyager IP) 164327',1,204,203,0,3715,3706,51200,204800,0),(1,8,1591,3,'TMR-Hardhaus SN12440',1,165,169,1,4424,4422,60000,102000,1),(1,16,1593,3,'Kvannøy (Furuno) 162627',1,84,83,1,1548,1543,32000,128000,1),(1,16,1606,3,'Intellian test (Intellian)',1,49,48,1,1179,1170,102400,409600,1),(1,16,1721,3,'Test Joel  (AGC Marine) 180213',0,98,75,0,4108,4106,64000,256000,0),(1,8,1596,3,'TMR-LIE-Liafjord SN20294',1,165,169,1,4424,4422,60000,102000,1),(5,21,1599,3,'Asbjoern HG-265  (Navteam) 90688',1,118,117,1,3715,3706,25600,102400,1),(3,12,1598,3,'Hidada-shoqaiq (Wideband) 158921',1,49,48,1,426,419,102400,204800,1),(5,21,1688,3,'Ole-Arvid Nergaard (Furuno) 104632',1,84,83,1,3715,3706,32000,128000,1),(1,16,1604,3,'MY Sun Rise Starb. (Voyager IP) 159879',0,204,203,1,4892,4889,51000,256000,1),(1,16,1609,3,'MY Bambina (Voyager IP) 161553',1,204,203,1,4892,4889,51000,390000,1),(1,15,1611,3,'MY Alexander V (Voyager IP) 154293',0,204,203,0,1063,1054,64000,256000,0),(1,18,1612,3,'MY Bambina (Voyager IP) 161553',0,204,203,0,1734,1725,64000,512000,0),(1,1,1613,3,'TMR-HF-GadusNjord SN20402',0,165,169,1,1366,366,32000,128000,1),(1,16,1639,3,'Lybean (Voyager IP) 125520',1,204,203,1,4892,4889,25600,102400,1),(1,16,1614,3,'New isafold  (Seasat) 181751',1,164,162,1,1179,1170,51200,204800,1),(1,16,1667,3,'XO of the Seas (AtlanticRT) 002198',1,49,48,1,1179,1170,64000,256000,1),(1,18,1618,3,'Geofocus (Alphatron Marine) 134419',1,163,182,1,1734,1725,12800,51200,1),(1,16,1640,3,'Flying Dragon (AGC Marine) 157363',1,144,143,1,4108,4106,64000,256000,1),(1,20,1666,3,'Beach Girl (Atlantic Radio Telephone) 188971',1,49,48,1,3432,3423,32000,128000,1),(1,16,1649,3,'Galactica Plus(Voyager IP)  78768',1,204,203,1,4892,4889,25600,102400,1),(1,16,1628,3,'LudynosaG (Voager IP) 180255',1,204,203,1,4892,4889,51200,204800,1),(1,16,1630,3,'X5 Test Sesat (Seasat) 162075',0,0,0,0,-1,-1,-1,1,0),(1,16,1753,3,'Artic Pioner (Furuno) 180103',1,84,83,1,1548,1543,32000,128000,1),(1,15,1632,3,'MY Sun Rise Port (Voyager IP)078776',1,204,203,1,1179,0,51000,256000,1),(1,15,1633,3,'MY Sun Rise Starb. (Voyager IP) 159879',0,204,203,0,1063,1054,51000,256000,0),(1,18,1634,3,'Alphatron_workshop 137896',1,49,48,1,1734,1725,12800,51200,1),(1,8,1641,3,'TMR-Rottingoy SN20378',1,165,169,1,4424,4422,60000,102400,1),(1,16,1642,3,'5G (AGC Marine) 107980',0,98,75,1,4108,4106,25600,204800,1),(1,16,1644,3,'Polar (SeaMaster Aps) 159774',0,217,216,1,1179,1170,12800,51200,1),(1,15,1651,3,'Galactica Plus(Voyager IP)  78768',0,204,203,0,1063,1054,25600,102400,0),(1,18,1650,3,'Galactica Plus(Voyager IP)  78768',0,204,203,0,1734,1725,25600,102400,0),(1,1,1652,3,'TMR-Rottingoy SN20378',0,165,169,1,1366,366,60000,102400,1),(1,16,1653,3,'Jo (AGC Marine) 133496',1,144,143,1,4108,4106,25600,204800,1),(1,15,1655,3,'o\'cEANOS (SRH Marine) 183490',1,49,48,1,1063,1054,51200,204800,1),(1,16,1656,3,'Alfa Nero2 (AGC Marine) 131262',1,144,143,1,1179,1170,64000,750000,1),(1,16,1659,3,'MY Aurelia (Motivtelecom) 4992',1,246,245,1,1179,1170,51200,204800,1),(1,20,1660,3,'Abbracci (AtlanticRT) 137128',1,49,48,1,3432,3423,128000,512000,1),(1,15,1661,3,'MY O\'Neiro (SRH Marine) 183213',0,49,48,1,1063,1054,51200,204800,1),(1,16,1690,3,'Heather Jane (Barry Electronics) 155500',0,123,122,1,4250,4248,12800,51200,1),(1,15,1668,3,'XO of the Seas (AtlanticRT) 002198',0,49,48,1,1063,1054,64000,256000,1),(1,16,1672,3,'PHONIX2 (CELLweaver) 12679 ',1,163,182,1,1179,1170,256000,1024000,1),(5,21,1673,3,'m/v Marit (Satpoint) 164568',1,49,249,0,3715,3706,2000,1,0),(1,20,1674,3,'m/v Marit (Satpoint) 164568',1,250,249,1,3432,3423,64000,128000,1),(1,16,1680,3,'MY Gerosa (Voyager IP) 154359',1,204,203,1,4892,4889,51200,409600,1),(1,20,1694,3,'Norwegian Queen (AtlanticRT) 170836',1,163,182,1,3432,3423,32000,128000,1),(1,8,1685,3,'TMR-NRK-Sjøkurs SN12809',1,165,169,1,314,2085,512000,2048000,1),(1,16,1677,3,'MY Alma (Voyager IP) 170735',0,204,203,1,4892,4889,12800,51200,1),(1,15,1678,3,'MY Alma (Voyager IP) 170735',0,204,203,1,1063,1054,12800,51200,1),(1,15,1686,3,'Rix Lion (Voyager IP) 68568',1,204,203,1,1063,1054,6400,25600,1),(1,20,1687,3,'Four Wishes (AtlanticRT) 078245',1,49,48,1,3432,3423,32000,128000,1),(1,16,1693,3,'Test Modem 3 (AGC Marine) 133980',0,98,75,0,4108,4106,2000,1,0),(1,17,1697,3,'ONAL (Global Satellite) 185393',1,49,48,1,1755,1200,256000,1536000,1),(1,8,1760,1,'XLC-M SN20079',1,0,0,0,-1,-1,-1,-1,0),(1,18,1722,3,'M/V Mimer (SatPoint) 53298',1,250,249,1,1734,1725,64000,256000,1),(1,8,1698,4,'XLC-11 SN203340',1,0,0,0,-1,-1,-1,-1,0),(3,12,1701,3,'Demo 2mb (Arabskys) 94832',0,49,48,1,426,419,51200,204800,1),(3,12,1700,3,'DEMO 3mb (Arabsky) 2482',1,49,48,1,426,419,51200,204800,1),(1,16,1706,3,'Sowenna ( Barry Electronics ) 183263',1,123,122,1,4250,4248,12800,51200,1),(1,18,1712,3,'Esnaad221 (Verhagen) 180411',1,49,48,1,1734,1725,102400,409600,1),(1,16,1711,3,'Esnaad221 (Verhagen) 180411',1,49,48,1,1179,1170,102400,409600,1),(1,17,1710,3,'Sendje 7 (SATCONXION) 133147',1,149,148,1,1755,1200,25600,153600,1),(1,8,1719,3,'TMR-HFI-JohanHjorth SN12308',1,165,169,1,314,2085,512000,512000,1),(1,15,1720,3,'AETHRA (SRH Marine) 153366 ',0,49,48,0,1063,1054,25600,102400,0),(1,16,1725,3,'Le Aisling P23 (Voyager IP - INS) 191216',1,204,203,1,4891,4888,51200,256000,1),(1,16,1726,3,'Le Ciara P42 (Voyager IP - INS) 190907',1,204,203,1,4891,4888,51000,256000,1),(1,16,1727,3,'Le Eithne P31 (Voyager IP - INS) 190775',1,204,203,1,4891,4888,316,1,1),(1,16,1728,3,'Le James Joyce P62 (Voyager IP - INS) 191109',0,204,203,1,4891,4888,316,1,1),(1,16,1729,3,'Le Orla P41 (Voyager IP - INS) 190855',1,204,203,1,4891,4888,51000,256000,1),(1,16,1730,3,'Le Roisin P51 (Voyager IP - INS) 190808',1,204,203,1,4891,4888,51000,256000,1),(1,16,1731,3,'Le S Beckett P61 (Voyager IP - INS) 190809',0,204,203,1,4891,4888,51000,256000,1),(1,16,1732,3,'Le Comcen (Voyager IP - INS) 191022',1,204,203,1,4891,4888,51000,256000,1),(1,16,1733,3,'LE Niahm P52 (Voyager IP - INS) 191154',1,204,203,1,4891,4888,316,1,1),(1,16,1740,3,'BEL Modem x7 S/N 9677',1,123,122,1,4250,4248,12800,52100,1),(1,16,1741,1,'XLC-M SN201090',1,0,0,0,-1,-1,-1,-1,0),(1,15,1736,3,'Alfa Nero2 (AGC Marine) 131262',1,144,143,1,1063,1054,100000,1024000,1),(3,12,1746,3,'Zakher - QMS-Cardinal (Monarch) 153450',1,163,182,1,426,419,128000,154000,1),(1,1,1748,3,'M/Y Leonardo III 169133',0,49,48,1,400,398,25600,102400,1),(3,12,1749,3,'M/Y Leonardo III 169133',0,49,48,1,426,419,25600,102400,1),(1,16,1750,3,'LudynosaG Test Remote (Voyager IP)132203 ',0,49,48,0,1179,1170,2000,1,0),(1,18,1752,3,'LudynosaG (Voager IP) 180255',1,204,203,0,1734,1725,51200,204800,0),(1,1,1765,3,'M/V Malmnas (Satpoint) 88372',0,250,249,1,400,398,64000,128000,1),(1,17,1754,3,'Sendje 8 (SATCONXION) 189382',1,149,148,1,1755,1200,51200,409600,1),(1,17,1755,3,'Sendje 9 (SATCONXION) 189384',1,149,148,1,1755,1200,25600,102400,1),(1,20,1756,3,'Team Galati (Voyager IP) 078812',1,204,203,1,3432,3423,12800,51200,1),(1,15,1768,3,'New Remote #1768',0,0,0,0,-1,-1,-1,-1,0),(1,16,1758,3,'SIMA (Seasat) 154336',1,164,162,1,1179,1170,64000,256000,1),(1,17,1759,3,'TEST_RMA (SATCONXION) 85447',0,149,148,0,1755,1200,6400,25600,0),(1,8,1770,3,'New Remote #1770',0,0,0,0,-1,-1,-1,-1,0),(1,16,1762,3,'ASV Pioneer (VoyagerIP) 161124',1,204,203,1,4892,4889,51200,102400,1),(1,1,1766,3,'m/v Timberland (Satpoint) 164529',0,250,249,1,400,398,64000,512000,1),(3,12,1767,3,'M/V Malmnas (Satpoint) 88372',0,250,249,1,426,419,64000,128000,1),(1,16,1769,3,'Eagle Bergen (Furuno) 163122',1,84,83,1,1548,1543,64000,128000,1);
UNLOCK TABLES;
commit;

--
-- Table structure for table `QOSGroup`
--

DROP TABLE IF EXISTS `QOSGroup`;
/*!40101 SET @saved_cs_client     = @@character_set_client */;
/*!40101 SET character_set_client = utf8mb4 */;
CREATE TABLE `QOSGroup` (
  `ID` int(255) NOT NULL,
  `Name` varchar(255) CHARACTER SET latin1 COLLATE latin1_danish_ci NOT NULL,
  `Direction` int(255) NOT NULL,
  `RootId` int(255) NOT NULL,
  `ParentId` int(255) NOT NULL,
  `CIR_BPS` int(255) NOT NULL,
  `MIR_BPS` int(255) NOT NULL,
  `GroupType` int(255) NOT NULL,
  `GroupOrder` int(255) NOT NULL,
  PRIMARY KEY (`ID`)
) ENGINE=InnoDB DEFAULT CHARSET=latin1;
/*!40101 SET character_set_client = @saved_cs_client */;

--
-- Dumping data for table `QOSGroup`
--

LOCK TABLES `QOSGroup` WRITE;
set autocommit=0;
INSERT INTO `QOSGroup` VALUES (1,'IS1002 - SLG D - Managed Service EU',0,1,0,0,-1,0,0),(2,'Multicast',0,1,1,0,4096000,10,0),(3,'Application Service Group',0,1,2,0,4096000,11,0),(4,'NMS',0,1,3,0,-1,12,0),(5,'Default',0,1,3,0,-1,14,1),(6,'TMR BWG',0,1,1,0,0,1,2),(10,'IS1002 Managed EU',1,1,0,0,-1,0,0),(11,'Mesh Bandwidth',1,10,10,0,-1,1,0),(12,'Application Service Group',1,10,11,0,-1,2,0),(13,'Mesh',1,10,12,0,-1,9,0),(14,'Furuno BWG',1,10,10,256000,256000,1,3),(15,'Application Service Group',1,10,14,0,-1,2,0),(16,'NMS',1,10,15,0,-1,3,0),(17,'Default',1,10,15,0,-1,5,2),(120,'Thor6 - TMR',0,8,0,0,-1,0,0),(121,'Multicast',0,120,120,0,4096000,10,0),(122,'Application Service Group',0,120,121,0,4096000,11,0),(123,'NMS',0,120,122,0,-1,12,0),(124,'Default',0,120,122,0,-1,14,1),(125,'Dedicated',0,120,120,0,-1,1,3),(219,'Remote Service Group',1,10,14,0,-1,15,1),(223,'E36b - EU',0,10,0,0,-1,0,0),(224,'Multicast',0,223,223,0,4096000,10,0),(225,'Application Service Group',0,223,224,0,4096000,11,0),(226,'NMS',0,223,225,0,-1,12,0),(227,'Default',0,223,225,0,-1,14,1),(228,'Furuno BWG',0,223,223,3327000,3327000,1,3),(263,'IS1002 - Spot 2 - Managed Service ME S2',0,12,0,0,-1,0,0),(264,'Multicast',0,263,263,0,4096000,10,0),(265,'Application Service Group',0,263,264,0,4096000,11,0),(266,'NMS',0,263,265,0,-1,12,0),(267,'Default',0,263,265,0,-1,14,1),(268,'Datanet BWG',0,263,263,16455000,16455000,1,5),(272,'Remote Service Group',0,263,268,0,-1,15,1),(274,'IS1002 Managed ME - 512 Kbps',1,14,0,0,-1,0,0),(275,'Mesh Bandwidth',1,274,274,0,-1,1,0),(276,'Application Service Group',1,274,275,0,-1,2,0),(277,'Mesh',1,274,276,0,-1,9,0),(278,'Bandwidth',1,274,274,0,-1,1,3),(279,'Application Service Group',1,274,278,0,-1,2,0),(280,'NMS',1,274,279,0,-1,3,0),(281,'Default',1,274,279,0,-1,5,2),(282,'Remote Service Group',1,274,278,0,-1,15,1),(306,'Inroute Group',1,15,0,0,-1,0,0),(307,'Mesh Bandwidth',1,306,306,0,-1,1,0),(308,'Application Service Group',1,306,307,0,-1,2,0),(309,'Mesh',1,306,308,0,-1,9,0),(310,'Dedicated',1,306,306,0,-1,1,2),(314,'DEDICATED-01',1,306,310,0,-1,15,0),(317,'SCPCInrouteGroup 10',1,16,0,0,-1,0,0),(318,'Mesh Bandwidth',1,317,317,0,-1,1,0),(319,'Application Service Group',1,317,318,0,-1,2,0),(320,'Mesh',1,317,319,0,-1,9,0),(321,'Bandwidth',1,317,317,0,-1,1,0),(322,'Application Service Group',1,317,321,0,-1,2,0),(323,'NMS',1,317,322,0,-1,3,0),(324,'Default',1,317,322,0,-1,5,2),(325,'Remote Service Group',1,317,321,0,-1,15,1),(366,'Common SG',0,1,6,0,-1,15,0),(396,'Managed Service EU BWG',0,1,1,17225000,19910000,1,1),(398,'Managed Service Group',0,1,396,0,-1,15,0),(399,'Managed Service EU BWG',1,10,10,2113000,2369000,1,1),(400,'Managed Service Group ',1,10,399,0,-1,15,0),(418,'Managed Service ME BWG',0,263,263,42643000,42643000,1,2),(419,'Managed Service Group',0,263,418,0,-1,15,0),(423,'Managed Service ME BWG',1,274,274,2400000,2400000,1,1),(426,'Managed Service Group',1,274,423,0,-1,15,1),(594,'IS1002 - Spot 2 - Datanet',1,22,0,0,-1,0,0),(595,'Mesh Bandwidth',1,594,594,0,-1,1,0),(596,'Application Service Group',1,594,595,0,-1,2,0),(597,'Mesh',1,594,596,0,-1,9,0),(598,'Bandwidth',1,594,594,0,-1,1,0),(599,'Application Service Group',1,594,598,0,-1,2,0),(600,'NMS',1,594,599,0,-1,3,0),(601,'Default',1,594,599,0,-1,5,2),(602,'Datanet Remote Service Group ',1,594,598,0,-1,15,1),(696,'Furuno BWG',0,1,1,2053000,2053000,1,5),(697,'Remote Service Group',0,1,696,0,-1,15,0),(698,'Application Service Group',0,1,696,0,-1,2,1),(699,'NMS',0,1,698,0,-1,3,0),(700,'Default',0,1,698,0,-1,5,2),(706,'SCPCInrouteGroup 1',1,25,0,0,-1,0,0),(707,'Mesh Bandwidth',1,706,706,0,-1,1,0),(708,'Application Service Group',1,706,707,0,-1,2,0),(709,'Mesh',1,706,708,0,-1,9,0),(710,'Bandwidth',1,706,706,0,-1,1,0),(711,'Application Service Group',1,706,710,0,-1,2,0),(712,'NMS',1,706,711,0,-1,3,0),(713,'Default',1,706,711,0,-1,5,2),(714,'Remote Service Group',1,706,710,0,-1,15,1),(767,'MarineTech IS1002',1,26,0,0,-1,0,0),(768,'Mesh Bandwidth',1,767,767,0,-1,1,0),(769,'Application Service Group',1,767,768,0,-1,2,0),(770,'Mesh',1,767,769,0,-1,9,0),(771,'Bandwidth',1,767,767,0,-1,1,0),(772,'Application Service Group',1,767,771,0,-1,2,0),(773,'NMS',1,767,772,0,-1,3,0),(774,'Default',1,767,772,0,-1,5,2),(775,'Remote Service Group',1,767,771,0,-1,15,1),(777,'MarineTech BWG',0,1,1,345000,345000,1,3),(778,'Remote Service Group',0,1,777,0,-1,15,0),(779,'New Application Service Group',0,1,777,0,-1,2,1),(780,'NMS',0,1,779,0,-1,3,0),(781,'Default',0,1,779,0,-1,5,1),(919,'Inroute Group',1,27,0,0,-1,0,0),(920,'Mesh Bandwidth',1,919,919,0,-1,1,0),(921,'Application Service Group',1,919,920,0,-1,2,0),(922,'Mesh',1,919,921,0,-1,9,0),(923,'Furuno BWG',1,919,919,512000,512000,1,1),(924,'Application Service Group',1,919,923,0,-1,2,0),(925,'NMS',1,919,924,0,-1,3,0),(926,'Default',1,919,924,0,-1,5,2),(927,'Remote Service Group',1,919,923,0,-1,15,1),(929,'Remote Service Group',0,223,228,0,-1,15,2),(1045,'T12 - SLG C - Hybrid Network',0,15,0,0,-1,0,0),(1046,'Multicast',0,1045,1045,0,4096000,10,0),(1047,'Application Service Group',0,1045,1046,0,4096000,11,0),(1048,'NMS',0,1045,1047,0,-1,12,0),(1049,'Default',0,1045,1047,0,-1,14,1),(1050,'Managed Service T12 BWG',0,1045,1045,11725000,11725000,1,2),(1054,'Managed Service Group',0,1045,1050,0,-1,15,1),(1055,'Managed Service T12',1,29,0,0,-1,0,0),(1056,'Mesh Bandwidth',1,1055,1055,0,-1,1,0),(1057,'Application Service Group',1,1055,1056,0,-1,2,0),(1058,'Mesh',1,1055,1057,0,-1,9,0),(1059,'Managed Service T12 BWG',1,1055,1055,0,-1,1,0),(1063,'Managed Service Group',1,1055,1059,0,-1,15,1),(1161,'Thor 5 T2 - Managed Service',0,16,0,0,-1,0,0),(1162,'Multicast',0,1161,1161,0,4096000,10,0),(1163,'Application Service Group',0,1161,1162,0,4096000,11,0),(1164,'NMS',0,1161,1163,0,-1,12,0),(1165,'Default',0,1161,1163,0,-1,14,1),(1166,'Managed Service T2 BWG',0,1161,1161,40778000,58994000,1,4),(1170,'Managed Service Group',0,1161,1166,0,-1,15,1),(1171,'Managed Service T2 Inroute',1,32,0,0,-1,0,0),(1172,'Mesh Bandwidth',1,1171,1171,0,-1,1,0),(1173,'Application Service Group',1,1171,1172,0,-1,2,0),(1174,'Mesh',1,1171,1173,0,-1,9,0),(1175,'Managed Service T2 BWG',1,1171,1171,6456000,9272000,1,2),(1179,'Managed Service Group',1,1171,1175,0,-1,15,1),(1191,'T11n - Africa',0,17,0,0,-1,0,0),(1192,'Multicast',0,1191,1191,0,4096000,10,0),(1193,'Application Service Group',0,1191,1192,0,4096000,11,0),(1194,'NMS',0,1191,1193,0,-1,12,0),(1195,'Default',0,1191,1193,0,-1,14,1),(1196,'Managed Service T11n Afr BWG',0,1191,1191,13308000,-1,1,2),(1200,'Remote Service Group',0,1191,1196,0,-1,15,0),(1365,'TMR BWG',1,10,10,0,0,1,0),(1366,'Common SG',1,10,1365,0,-1,15,0),(1539,'Furuno BWG',0,1161,1161,3722000,3722000,1,7),(1540,'Application Service Group',0,1161,1539,0,-1,2,0),(1541,'NMS',0,1161,1540,0,-1,3,0),(1542,'Default',0,1161,1540,0,-1,5,2),(1543,'Remote Service Group',0,1161,1539,0,-1,15,1),(1544,'Furuno BWG',1,1171,1171,512000,512000,1,5),(1545,'Application Service Group',1,1171,1544,0,-1,2,0),(1546,'NMS',1,1171,1545,0,-1,3,0),(1547,'Default',1,1171,1545,0,-1,5,2),(1548,'Remote Service Group',1,1171,1544,0,-1,15,1),(1716,'T11n - EU',0,18,0,0,-1,0,0),(1717,'Multicast',0,1716,1716,0,4096000,10,0),(1718,'Application Service Group',0,1716,1717,0,4096000,11,0),(1719,'NMS',0,1716,1718,0,-1,12,0),(1720,'Default',0,1716,1718,0,-1,14,1),(1721,'Managed Service T11n EU BWG',0,1716,1716,0,-1,1,1),(1725,'Remote Service Group',0,1716,1721,0,-1,15,1),(1726,'Inroute Group - 256',1,38,0,0,-1,0,0),(1727,'Mesh Bandwidth',1,1726,1726,0,-1,1,0),(1728,'Application Service Group',1,1726,1727,0,-1,2,0),(1729,'Mesh',1,1726,1728,0,-1,9,0),(1730,'Managed Service T11n EU BWG',1,1726,1726,0,-1,1,0),(1734,'Remote Service Group',1,1726,1730,0,-1,15,1),(1747,'Inroute Group Managed Service',1,39,0,0,-1,0,0),(1748,'Mesh Bandwidth',1,1747,1747,0,-1,1,0),(1749,'Application Service Group',1,1747,1748,0,-1,2,0),(1750,'Mesh',1,1747,1749,0,-1,9,0),(1751,'Managed Service T11n Afr BWG',1,1747,1747,0,-1,1,0),(1755,'Remote Service Group',1,1747,1751,0,-1,15,1),(2085,'DEDICATED-01',0,120,125,0,-1,15,0),(2251,'Pagi T12 440k',1,40,0,0,-1,0,0),(2252,'Mesh Bandwidth',1,2251,2251,0,-1,1,0),(2253,'Application Service Group',1,2251,2252,0,-1,2,0),(2254,'Mesh',1,2251,2253,0,-1,9,0),(2255,'Bandwidth',1,2251,2251,0,-1,1,0),(2256,'Application Service Group',1,2251,2255,0,-1,2,0),(2257,'NMS',1,2251,2256,0,-1,3,0),(2258,'Default',1,2251,2256,0,-1,5,2),(2259,'Remote Service Group',1,2251,2255,0,-1,15,1),(2260,'Pagi',0,1045,1045,600000,600000,1,1),(2261,'Remote Service Group',0,1045,2260,0,-1,15,1),(2262,'Application Service Group',0,1045,2260,0,-1,2,0),(2263,'NMS',0,1045,2262,0,-1,3,0),(2264,'Default',0,1045,2262,0,-1,5,1),(3414,'T11n - Caribbean',0,20,0,0,-1,0,0),(3415,'Multicast',0,3414,3414,0,4096000,10,0),(3416,'Application Service Group',0,3414,3415,0,4096000,11,0),(3417,'NMS',0,3414,3416,0,-1,12,0),(3418,'Default',0,3414,3416,0,-1,14,1),(3419,'Managed Service T11n Car BWG',0,3414,3414,0,-1,1,2),(3423,'Remote Service Group',0,3414,3419,0,-1,15,1),(3424,'Inroute Group Managed Service',1,43,0,0,-1,0,0),(3425,'Mesh Bandwidth',1,3424,3424,0,-1,1,0),(3426,'Application Service Group',1,3424,3425,0,-1,2,0),(3427,'Mesh',1,3424,3426,0,-1,9,0),(3428,'Managed Service T11n Car BWG',1,3424,3424,0,-1,1,1),(3432,'Remote Service Group',1,3424,3428,0,-1,15,1),(3566,'Ferries',0,120,120,51200000,51200000,1,1),(3567,'Hurtigruten',0,120,3566,4096000,4096000,15,1),(3576,'Ferries',1,306,306,0,-1,1,0),(3577,'Hurtigruten',1,306,3576,2048000,2048000,15,0),(3601,'Fjordline',0,120,3566,15360000,51200000,15,2),(3603,'Fjordline',1,306,3576,2812000,2812000,15,1),(3697,'T14R - Atlantic',0,21,0,0,-1,0,0),(3698,'Multicast',0,3697,3697,0,4096000,10,0),(3699,'Application Service Group',0,3697,3698,0,4096000,11,0),(3700,'NMS',0,3697,3699,0,-1,12,0),(3701,'Default',0,3697,3699,0,-1,14,1),(3702,'Managed Service T14r BWG',0,3697,3697,0,-1,1,1),(3706,'Remote Service Group',0,3697,3702,0,-1,15,1),(3707,'T14R Managed Service',1,44,0,0,-1,0,0),(3708,'Mesh Bandwidth',1,3707,3707,0,-1,1,0),(3709,'Application Service Group',1,3707,3708,0,-1,2,0),(3710,'Mesh',1,3707,3709,0,-1,9,0),(3711,'Managed Service T14r BWG',1,3707,3707,0,-1,1,0),(3715,'Remote Service Group',1,3707,3711,0,-1,15,1),(4105,'AGC Marine BWG',0,1161,1161,2481000,3072000,1,5),(4106,'Remote Service Group',0,1161,4105,0,-1,15,0),(4107,'AGC Marine BWG',1,1171,1171,768000,768000,1,3),(4108,'Remote Service Group',1,1171,4107,0,-1,15,0),(4247,'Barry Electronics BWG',0,1161,1161,3877000,4846000,1,2),(4248,'Remote Service Group',0,1161,4247,0,-1,15,0),(4249,'Barry Electronics BWG',1,1171,1171,512000,1024000,1,1),(4250,'Remote Service Group',1,1171,4249,0,-1,15,0),(4421,'Best Effort',0,120,120,0,-1,1,4),(4422,'BE-01 1/10-1024',0,120,4421,2500000,2500000,15,0),(4423,'Best Effort',1,306,306,0,-1,1,3),(4424,'BE-01 1/10-1024',1,306,4423,0,-1,15,0),(4455,'BE-02 1/2-1024',0,120,4421,0,1024000,15,1),(4456,'BE-02 1/2-1024',1,306,4423,512000,512000,15,1),(4479,'TMR BWG',0,1161,1161,0,0,1,3),(4480,'Common SG',0,1161,4479,0,-1,15,0),(4581,'Arabskys BWG',0,263,263,5494000,5494000,1,1),(4582,'Remote Service Group',0,263,4581,0,-1,15,0),(4583,'Arabskys BWG',1,274,274,1024000,1024000,1,0),(4584,'Remote Service Group',1,274,4583,0,-1,15,0),(4631,'Demo BWG',0,1161,1161,0,-1,1,6),(4632,'Remote Service Group',0,1161,4631,0,-1,15,0),(4633,'Application Service Group',0,1161,4631,0,-1,2,1),(4634,'NMS',0,1161,4633,0,-1,3,0),(4635,'Default',0,1161,4633,0,-1,5,1),(4636,'Demo BWG',1,1171,1171,0,-1,1,4),(4637,'Remote Service Group',1,1171,4636,0,-1,15,0),(4638,'Application Service Group',1,1171,4636,0,-1,2,1),(4639,'NMS',1,1171,4638,0,-1,3,0),(4640,'Default',1,1171,4638,0,-1,5,1),(4643,'Demo BWG',0,1,1,0,-1,1,4),(4644,'Remote Service Group',0,1,4643,0,-1,15,0),(4645,'Application Service Group',0,1,4643,0,-1,2,1),(4646,'NMS',0,1,4645,0,-1,3,0),(4647,'Default',0,1,4645,0,-1,5,1),(4648,'Demo BWG',1,10,10,0,-1,1,2),(4649,'Remote Service Group',1,10,4648,0,-1,15,0),(4650,'Application Service Group',1,10,4648,0,-1,2,1),(4651,'NMS',1,10,4650,0,-1,3,0),(4652,'Default',1,10,4650,0,-1,5,1),(4887,'Voyager IP BWG',0,1161,1161,8139000,8139000,1,1),(4888,'Navy Remote Service Group',0,1161,4887,4070000,6144000,15,0),(4889,'Voyager Remote Service Group',0,1161,4887,4070000,8139000,15,1),(4890,'Voyager IP BWG',1,1171,1171,1024000,1024000,1,0),(4891,'Navy Remote Service Group',1,1171,4890,512000,1024000,15,0),(4892,'Voyager IP Remote Service Group',1,1171,4890,512000,1024000,15,1),(5011,'ColorLine',1,306,3576,7840000,7840000,15,2),(5012,'ColorLine',0,120,3566,30468000,51200000,15,0),(5228,'Managed Service BWG',1,919,919,150000,150000,1,0),(5229,'New Remote Service Group',1,919,5228,0,-1,15,0),(5230,'Managed Service BWG',0,223,223,1523000,4849000,1,2),(5231,'New Remote Service Group',0,223,5230,0,-1,15,0);
UNLOCK TABLES;
commit;

--
-- Table structure for table `ServiceGroup`
--

DROP TABLE IF EXISTS `ServiceGroup`;
/*!40101 SET @saved_cs_client     = @@character_set_client */;
/*!40101 SET character_set_client = utf8mb4 */;
CREATE TABLE `ServiceGroup` (
  `ID` int(255) NOT NULL AUTO_INCREMENT,
  `Navn` varchar(255) NOT NULL,
  `CIRDown` int(255) NOT NULL,
  `CIRUP` int(255) NOT NULL,
  `NetworkId` int(255) NOT NULL,
  PRIMARY KEY (`ID`)
) ENGINE=InnoDB AUTO_INCREMENT=27 DEFAULT CHARSET=latin1;
/*!40101 SET character_set_client = @saved_cs_client */;

--
-- Dumping data for table `ServiceGroup`
--

LOCK TABLES `ServiceGroup` WRITE;
set autocommit=0;
INSERT INTO `ServiceGroup` VALUES (1,'Furuno',768000,256000,1),(2,'Marine Technologies',256000,0,1),(3,'TMR',0,1024000,1),(7,'Furuno',1536000,512000,16),(8,'AGC Marine',1024000,768000,16),(9,'Barry Electronics',1600000,512000,16),(10,'Voyager IP',3359000,1024000,16),(12,'Pagi',230000,440000,15),(13,'Datanet',6153000,3870000,12),(26,'Arabskys',2054600,1024000,12);
UNLOCK TABLES;
commit;

--
-- Table structure for table `brukere`
--

DROP TABLE IF EXISTS `brukere`;
/*!40101 SET @saved_cs_client     = @@character_set_client */;
/*!40101 SET character_set_client = utf8mb4 */;
CREATE TABLE `brukere` (
  `id` int(11) NOT NULL DEFAULT '0',
  `navn` varchar(100) COLLATE latin1_danish_ci DEFAULT NULL,
  `brukernavn` varchar(100) COLLATE latin1_danish_ci DEFAULT NULL,
  `epost` varchar(100) COLLATE latin1_danish_ci DEFAULT NULL,
  `passord` varchar(50) COLLATE latin1_danish_ci DEFAULT NULL,
  PRIMARY KEY (`id`)
) ENGINE=InnoDB DEFAULT CHARSET=latin1 COLLATE=latin1_danish_ci;
/*!40101 SET character_set_client = @saved_cs_client */;

--
-- Dumping data for table `brukere`
--

LOCK TABLES `brukere` WRITE;
set autocommit=0;
INSERT INTO `brukere` VALUES (1,'testbruker','test','email@lol.no','passord');
UNLOCK TABLES;
commit;

--
-- Temporary table structure for view `brukerer`
--

DROP TABLE IF EXISTS `brukerer`;
/*!50001 DROP VIEW IF EXISTS `brukerer`*/;
SET @saved_cs_client     = @@character_set_client;
SET character_set_client = utf8mb4;
/*!50001 CREATE VIEW `brukerer` AS SELECT
 1 AS `username` */;
SET character_set_client = @saved_cs_client;

--
-- Table structure for table `channel_posts`
--

DROP TABLE IF EXISTS `channel_posts`;
/*!40101 SET @saved_cs_client     = @@character_set_client */;
/*!40101 SET character_set_client = utf8mb4 */;
CREATE TABLE `channel_posts` (
  `id` int(11) NOT NULL AUTO_INCREMENT,
  `channel_id` varchar(45) COLLATE latin1_danish_ci DEFAULT NULL,
  `user_id` varchar(45) COLLATE latin1_danish_ci DEFAULT NULL,
  `username` varchar(45) COLLATE latin1_danish_ci DEFAULT NULL,
  `content` varchar(1000) COLLATE latin1_danish_ci DEFAULT NULL,
  PRIMARY KEY (`id`)
) ENGINE=InnoDB AUTO_INCREMENT=217 DEFAULT CHARSET=latin1 COLLATE=latin1_danish_ci;
/*!40101 SET character_set_client = @saved_cs_client */;

--
-- Dumping data for table `channel_posts`
--

LOCK TABLES `channel_posts` WRITE;
set autocommit=0;
INSERT INTO `channel_posts` VALUES (1,'1','14','admin','test'),(2,'1','1','einar','tekstkttt'),(3,'3','14','admin','123'),(4,'13','14','admin','54325253245'),(5,'3','14','admin','Halla Skjer a?'),(6,'3','1','einar','Prokastinerer'),(7,'3','3','rolf','Hvem faen er dere?'),(8,'13','14','admin','lolol'),(9,'14','14','admin','ganske treig ????'),(10,'14','3','rolf','ps. man trenger egentlig ikke passord for å l'),(11,'14','3','rolf','...logge inn'),(12,'14','1','einar','fett'),(13,'3','29','Eira','bæsj'),(14,'1','29','Eira',''),(15,'1','14','admin','hallaa ????'),(16,'3','14','admin',''),(17,'3','14','admin','hey'),(18,'13','14','admin','ololol'),(19,'14','14','admin','what alt jeg skriver blir ikke postet'),(20,'14','14','admin','what append'),(21,'13','14','admin','tester4332'),(22,'16','14','admin','her er det lov å si neger'),(23,'16','14','admin','haøøøoooooo'),(24,'16','1','einar','javisst'),(25,'16','1','einar','ingen som hindrer en fra det'),(26,'16','14','admin','ny og forbedret facebook detta her'),(27,'16','14','admin','facebook, bare uten CIA og FBI'),(28,'16','3','rolf','halla boiiis'),(29,'16','29','Eira','neger'),(30,'17','14','admin','islam er best'),(31,'17','14','admin','heil'),(32,'16','14','admin','gato'),(33,'13','14','admin','holla gatos'),(34,'17','25','hack','stemmer det ???? '),(35,'17','3','rolf','halla islam'),(36,'17','25','hack','hack'),(37,'16','25','hack','jøde'),(38,'17','25','hack','heia islam'),(39,'17','3','rolf','halalkjøtt er tingen '),(40,'1','5','Cookie','eg likar updaten'),(41,'1','5','Cookie','absjjdd'),(42,'3','5','Cookie','alakkf'),(43,'17','5','Cookie','google'),(44,'1','25','hack','gucci da '),(45,'17','3','rolf','Halla'),(46,'17','14','admin','visst faen funker det'),(47,'20','14','admin','YOOO'),(48,'20','47','edge','Halla'),(49,'Array','14','admin','dddd'),(50,'Array','14','admin','holla'),(51,'Array','14','admin','upuouoo'),(52,'20','14','admin','hollla'),(53,'20','14','admin','Gatos'),(54,'20','14','admin','aaa'),(55,'20','14','admin','d'),(56,'20','14','admin','f'),(57,'20','14','admin','dd'),(58,'20','14','admin','ffff'),(59,'20','14','admin','ffff'),(60,'20','14','admin','ffffff'),(61,'20','14','admin','ffffff'),(62,'20','14','admin','ggggg'),(63,'20','14','admin','ghgfgf'),(64,'20','14','admin','ertert'),(65,'20','14','admin','ewrterwt'),(66,'20','14','admin','ewrtert'),(67,'20','14','admin','sdsfgdg'),(68,'20','14','admin','sdfgdsg'),(69,'20','14','admin','dsfgdsfg'),(70,'20','14','admin','something'),(71,'20','14','admin','something'),(72,'20','14','admin','da snakker vi'),(73,'20','14','admin','test'),(74,'20','14','admin','fort'),(75,'20','14','a','heisann'),(76,'20','14','admin','somet'),(77,'20','14','admin','lololllllo'),(78,'20','14','admin','trollootltoror'),(79,'20','14','admin','something'),(80,'20','14','admin','rtrtrtrtrtrtrtr'),(81,'20','14','admin','masse tekst, hva skjer da? masse tekst, hva s'),(82,'20','14','admin','masse tekst, hva skjer da? masse tekst, hva skjer da? masse tekst, hva skjer da? masse tekst, hva skjer da? masse tekst, hva skjer da? masse tekst, hva skjer da? masse tekst, hva skjer da? masse tekst, hva skjer da? masse tekst, hva skjer da? masse tekst, hva skjer da? masse tekst, hva skjer da? masse tekst, hva skjer da? masse tekst, hva skjer da? masse tekst, hva skjer da? masse tekst, hva skjer da? masse tekst, hva skjer da? masse tekst, hva skjer da? masse tekst, hva skjer da? masse tekst, hva skjer da? masse tekst, hva skjer da? masse tekst, hva skjer da? masse tekst, hva skjer da? masse tekst, hva skjer da? masse tekst, hva skjer da? masse tekst, hva skjer da? masse tekst, hva skjer da? masse tekst, hva skjer da? '),(83,'20','14','admin','masse tekst, hva skjer da? masse tekst, hva skjer da? masse tekst, hva skjer da? masse tekst, hva skjer da? masse tekst, hva skjer da? masse tekst, hva skjer da? masse tekst, hva skjer da? masse tekst, hva skjer da? masse tekst, hva skjer da? masse tekst, hva skjer da? masse tekst, hva skjer da? masse tekst, hva skjer da? masse tekst, hva skjer da? masse tekst, hva skjer da? masse tekst, hva skjer da? masse tekst, hva skjer da? masse tekst, hva skjer da? masse tekst, hva skjer da? masse tekst, hva skjer da? masse tekst, hva skjer da? masse tekst, hva skjer da? masse tekst, hva skjer da? masse tekst, hva skjer da? masse tekst, hva skjer da? masse tekst, hva skjer da? masse tekst, hva skjer da? masse tekst, hva skjer da?'),(84,'13','14','','hei på deg'),(85,'16','14','admin','Ganske bra app dette her...'),(86,'1','14','sss','holla gatos'),(87,'1','14','ww','sss'),(88,'1','14','admin','well well well '),(89,'19','14','admin','Her var det ikke spesielt mye da'),(90,'20','14','admin','masse tekst, hva skjer da? masse tekst, hva skjer da? masse tekst, hva skjer da? masse tekst, hva skjer da? masse tekst, hva skjer da? masse tekst, hva skjer da? masse tekst, hva skjer da? masse tekst, hva skjer da? masse tekst, hva skjer da? masse tekst, hva skjer da? masse tekst, hva skjer da? masse tekst, hva skjer da? masse tekst, hva skjer da? masse tekst, hva skjer da? masse tekst, hva skjer da? masse tekst, hva skjer da? masse tekst, hva skjer da? masse tekst, hva skjer da? masse tekst, hva skjer da? masse tekst, hva skjer da? masse tekst, hva skjer da? masse tekst, hva skjer da? masse tekst, hva skjer da? masse tekst, hva skjer da? masse tekst, hva skjer da? masse tekst, hva skjer da? masse tekst, hva skjer da?'),(91,'1','14','aaaa','haolal'),(92,'1','14','dads','asdasdasd'),(93,'1','14','dads','kjhasjkhdashjk'),(94,'1','14','dads','okokokokokok'),(95,'20','14','ddd','haemasse tekst, hva skjer da? masse tekst, hva skjer da? masse tekst, hva skjer da? masse tekst, hva skjer da? masse tekst, hva skjer da? masse tekst, hva skjer da? masse tekst, hva skjer da? masse tekst, hva skjer da? masse tekst, hva skjer da? masse tekst, hva skjer da? masse tekst, hva skjer da? masse tekst, hva skjer da? masse tekst, hva skjer da? masse tekst, hva skjer da? masse tekst, hva skjer da? masse tekst, hva skjer da? masse tekst, hva skjer da? masse tekst, hva skjer da? masse tekst, hva skjer da? masse tekst, hva skjer da? masse tekst, hva skjer da? masse tekst, hva skjer da? masse tekst, hva skjer da? masse tekst, hva skjer da? masse tekst, hva skjer da? masse tekst, hva skjer da? masse tekst, hva skjer da?masse tekst, hva skjer da? masse tekst, hva skjer da? masse tekst, hva skjer da? masse tekst, hva skjer da? masse tekst, hva skjer da? masse tekst, hva skjer da? masse tekst, hva skjer da? masse tekst, hva skjer da? masse tekst, hva skjer da? masse tekst, hva skjer da?'),(96,'20','14','ddd','sfsfs'),(97,'20','14','ddd','sff'),(98,'20','14','aa','holla'),(99,'19','14','gatos','Hei på meg'),(100,'1','14','kabbe','gucci'),(101,'1','14','kabbe','fdsa'),(102,'13','14','hole','halla'),(103,'14','14','kabbe','ter'),(104,'20','14','ass','HEisann '),(105,'20','14','ass','masse tekst, hva skjer da? masse tekst, hva skjer da? masse tekst, hva skjer da? masse tekst, hva skjer da? masse tekst, hva skjer da? masse tekst, hva skjer da? masse tekst, hva skjer da? masse tekst, hva skjer da? masse tekst, hva skjer da? masse tekst, hva skjer da? masse tekst, hva skjer da? masse tekst, hva skjer da? masse tekst, hva skjer da? masse tekst, hva skjer da? masse tekst, hva skjer da? masse tekst, hva skjer da? masse tekst, hva skjer da? masse tekst, hva skjer da? masse tekst, hva skjer da? masse tekst, hva skjer da? masse tekst, hva skjer da? masse tekst, hva skjer da? masse tekst, hva skjer da? masse tekst, hva skjer da? masse tekst, hva skjer da? masse tekst, hva skjer da? masse tekst, hva skjer da?masse tekst, hva skjer da? masse tekst, hva skjer da? masse tekst, hva skjer da? masse tekst, hva skjer da? masse tekst, hva skjer da? masse tekst, hva skjer da? masse tekst, hva skjer da? masse tekst, hva skjer da? masse tekst, hva skjer da? masse tekst, hva skjer da? ma'),(106,'19','14','yes yesers','Her skjer det!!'),(107,NULL,'14','ADAD','SÅ OME JEG HOLLA'),(108,NULL,'14','ADAD','DET KAN HENDE AT DETTE FUNKER???'),(109,NULL,'14','ADAD','ELLER'),(110,NULL,'14','ADAD','MULIGGESN??'),(111,NULL,'14','ADAD','NEIDA'),(112,NULL,'14','ADAD','asas'),(113,NULL,'14','dadad','pimp'),(114,'20','14','holla','men hva skjer?'),(115,'20','14','holla','noe spennenedere?'),(116,'20','14','holla','jepp'),(117,'20','14','holla','alltid'),(118,'17','14','holla','her kommer ikke FBI og tar deg'),(119,'17','14','holla','aldri'),(120,'20','14','Simen','Hallaaaaa'),(121,'1','14','Simen','Loool'),(122,'1','14','holla','halla gutt'),(123,'20','14','holla','alltid noe Spennede som skjer her'),(124,'1','14','vg.no','det nye store'),(125,'20','14','dasas','12131313'),(126,'20','14','ada','men men'),(127,'19','14','ada','Alltid noe spennede å lese her!'),(128,'19','14','ada','Katt'),(129,'19','14','ada','Hund'),(130,'19','14','ada','Hest'),(131,'19','14','ada','esel'),(132,'19','14','ada','SUch hitec'),(133,'20','14','Jepp ','Jepp ???????? '),(134,'20','14','Jepp ','Jalla '),(135,'17','14','Jepp ','Neida '),(136,'3','14','123','her'),(137,'3','14','123','og'),(138,'3','14','123','der'),(139,'3','14','123','jepp'),(140,'17','14','nick kershaw','pang'),(141,'3','14','test','hjgghjh'),(142,'20','25','hack','kkkkkkkk'),(143,'21','14','admin','BDSM'),(144,'21','14','Rihanna','SMDB'),(145,'21','14','Rihanna','her er teksten'),(146,'21','14','holla','The project “Sokkespillet” contains source code developed with Swift 3.x. This version of Xcode does not support building or migrating Swift 3.x targets.  Use Xcode 10.1 to migrate the code to Swift 4.'),(147,'17','14','admin','jalla jalla'),(148,'17','14','jalla','holla'),(149,'17','14','jalla','allah'),(150,'21','14','admin','cat????'),(151,'21','14','Admin','Halla'),(152,'21','14','DogePål','Yo'),(153,'21','14','Admin','Hva skjer a?'),(154,'17','14','dada','halla '),(155,'21','14','Redneck senior','ya\'ll ready for rooting\' tooting\' hecking shooting weekend?  '),(156,'21','14','dada','ja ass'),(157,'17','14','hbin','wallah'),(158,'21','14','shete','hellu'),(159,'3','14','hei','ghkhg'),(160,'21','14','Adolf','Holla'),(161,'17','14','Eira','holla'),(162,'17','14','admin','jo'),(163,'17','14','admin','ganske kult'),(164,'17','14','Eira','det må jeg si'),(165,'17','14','admin','fjkgokokok'),(166,'17','14','einar','holla'),(167,'17','14','rolf','slask'),(168,'1','14','nickern','haollallala'),(169,'13','14','Foyn','Jeg er stygg og dum'),(170,'1','14','Foyn','Jeg er stygg og dum. '),(171,'21','14','hack','hackk'),(172,'1','14','admin','something'),(173,'3','14','admin','holla'),(174,'3','14','admin','somehting'),(175,'3','14','admin','\n'),(176,'16','14','admin','jepp'),(177,'14','14','hack','masse text her '),(178,'14','14','hack','masse text her \nså masse text'),(179,'14','14','hack','masse text her \nså masse text\njepp'),(180,'19','14','admin','holla'),(181,'21','14','admin','adad'),(182,'21','14','admin','adawdada'),(183,'21','14','admin',' '),(184,'17','14','admin','jeppersen'),(185,'20','14','intradoge','halla bois!'),(186,'1','14','Bjarne','Jeg heter Bjarne'),(187,'21','14','admin','something'),(188,'24','14','admin','Se så mange oppskrifter'),(189,'26','14','Cookie','HALLE ALLE FOLK SOM JOBBER I EDFO '),(190,'26','14','Bjarne','Jasså bois'),(191,'22','14','6969','#gutta'),(192,'21','14','6969','hihi <3'),(193,'21','14','hack','tiss'),(194,'1','14','admin','hfhfhh'),(195,'3','14','admin','gatos'),(196,'26','14','admin','gato'),(197,'17','14','admin','halla islamister'),(198,'17','14','admin','gatos'),(199,'17','14','admin','funker som det skal'),(200,'21','14','admin','jojooj'),(201,'21','14','admin','lololo'),(202,'21','14','admin','gatos'),(203,'21','14','admin','leche'),(204,'21','14','admin','qattro'),(205,'21','14','admin','cinco'),(206,'16','14','crackme','Lorem ipsum dolor sit amet, consectetur adipiscing elit. Aliquam tempor, metus aliquam ultrices pulvinar, erat nisi fringilla mauris, eget pharetra eros augue nec dolor. Nam aliquam pharetra faucibus. Suspendisse sed convallis velit. Vestibulum ante ipsum primis in faucibus orci luctus et ultrices posuere cubilia curae; Quisque orci ex, cursus a est eu, viverra laoreet arcu. Duis rhoncus quis purus ac cursus. Donec vitae mauris vel diam pretium tempus.\n\nInterdum et malesuada fames ac ante ipsum primis in faucibus. In tristique nec elit et rutrum. Suspendisse laoreet molestie eros vel aliquet. Curabitur nec velit id ex ornare ornare sed a diam. Proin id malesuada est. Donec pellentesque mauris molestie commodo aliquet. Nullam nec hendrerit sem, sit amet dapibus urna. Praesent varius tincidunt sapien quis fringilla. Mauris hendrerit felis eu mattis dapibus. Nullam ut ullamcorper nisl, non porttitor neque. Vivamus porttitor tortor eget nibh tincidunt feugiat. Curabitur vulputate nunc nec '),(207,'1','14','crackme','øløløløl'),(208,'17','14','crackme','jepp'),(209,'21','14','crackme','perro'),(210,'1','14','hack','jeppers'),(211,'1','14','hack','testers'),(212,'3','14','hack','katter?'),(213,'17','14','hack','hack'),(214,'23','14','hanz','jeg er jente'),(215,'17','14','hack','Halla nigg noggs'),(216,'22','14','hack','Jepp');
UNLOCK TABLES;
commit;

--
-- Table structure for table `channels`
--

DROP TABLE IF EXISTS `channels`;
/*!40101 SET @saved_cs_client     = @@character_set_client */;
/*!40101 SET character_set_client = utf8mb4 */;
CREATE TABLE `channels` (
  `id` int(11) NOT NULL AUTO_INCREMENT,
  `name` varchar(45) COLLATE latin1_danish_ci NOT NULL,
  PRIMARY KEY (`id`)
) ENGINE=InnoDB AUTO_INCREMENT=28 DEFAULT CHARSET=latin1 COLLATE=latin1_danish_ci;
/*!40101 SET character_set_client = @saved_cs_client */;

--
-- Dumping data for table `channels`
--

LOCK TABLES `channels` WRITE;
set autocommit=0;
INSERT INTO `channels` VALUES (1,'TESTCHANNEL'),(3,'CH344'),(13,'test'),(14,'denne appen'),(16,'den beste gruppen '),(17,'radikal islam'),(19,'teest'),(20,'EDGE Academy'),(21,'BDSM'),(22,'Gutta'),(23,'Jentekanalen'),(24,'Oppskrifter'),(25,'GME'),(26,'EDFO CONSULTING'),(27,'cats');
UNLOCK TABLES;
commit;

--
-- Table structure for table `emails`
--

DROP TABLE IF EXISTS `emails`;
/*!40101 SET @saved_cs_client     = @@character_set_client */;
/*!40101 SET character_set_client = utf8mb4 */;
CREATE TABLE `emails` (
  `epost` varchar(255) COLLATE latin1_danish_ci DEFAULT NULL
) ENGINE=InnoDB DEFAULT CHARSET=latin1 COLLATE=latin1_danish_ci;
/*!40101 SET character_set_client = @saved_cs_client */;

--
-- Dumping data for table `emails`
--

LOCK TABLES `emails` WRITE;
set autocommit=0;
INSERT INTO `emails` VALUES ('einar@dogetek.no'),('erik.paalsrud@gmail.com'),('scott@google.com'),('erik@cosytech.net'),('thomas.moen@gmail.com'),('stianulvoy@live.no'),('einar@cosytech.net');
UNLOCK TABLES;
commit;

--
-- Table structure for table `game`
--

DROP TABLE IF EXISTS `game`;
/*!40101 SET @saved_cs_client     = @@character_set_client */;
/*!40101 SET character_set_client = utf8mb4 */;
CREATE TABLE `game` (
  `id` int(11) NOT NULL AUTO_INCREMENT,
  `name` varchar(255) COLLATE latin1_danish_ci NOT NULL,
  `created_by` int(11) DEFAULT NULL,
  `description` varchar(255) COLLATE latin1_danish_ci DEFAULT NULL,
  `status` varchar(255) COLLATE latin1_danish_ci DEFAULT NULL,
  `players` int(11) DEFAULT NULL,
  `currentquestion` varchar(250) COLLATE latin1_danish_ci DEFAULT NULL,
  `starttime` varchar(250) COLLATE latin1_danish_ci DEFAULT NULL,
  `deleted` varchar(100) COLLATE latin1_danish_ci DEFAULT NULL,
  `isPublic` varchar(255) COLLATE latin1_danish_ci DEFAULT NULL,
  PRIMARY KEY (`id`),
  UNIQUE KEY `game_id_uindex` (`id`)
) ENGINE=InnoDB AUTO_INCREMENT=28 DEFAULT CHARSET=latin1 COLLATE=latin1_danish_ci;
/*!40101 SET character_set_client = @saved_cs_client */;

--
-- Dumping data for table `game`
--

LOCK TABLES `game` WRITE;
set autocommit=0;
INSERT INTO `game` VALUES (1,'test',13,'test','created',1,NULL,NULL,NULL,NULL),(2,'Påskequiz',25,'Liten quiz om påsketing','finished',2,'','',NULL,NULL),(3,'Julequiz',25,'God jul','finished',1,'','','1',NULL),(4,'Sommerquiz',25,'Sommerfest','finished',NULL,'','',NULL,NULL),(5,'Venners Jul 22',25,'Venners jul','finished',3,'','',NULL,NULL),(6,'Venners Jul 23',25,'Har du det som skal til for å vinne Venners Jul? GLHF','finished',5,'','',NULL,NULL),(7,'test',25,'test','finished',NULL,'','','1',NULL),(8,'Liten test quiz for hackerz',69,'Denne er ganske vanskelig ...','finished',NULL,'','',NULL,NULL),(9,'balle',69,'valle','finished',NULL,'','','1',NULL),(10,'Saaa',69,'aaaaass','created',NULL,NULL,NULL,'1',NULL),(11,'dads',69,'dsdds','created',NULL,NULL,NULL,'1',NULL),(12,'klkl',69,',lklkk','created',NULL,NULL,NULL,'1',NULL),(13,'www',69,'www','created',NULL,NULL,NULL,'1',NULL),(14,'lolooo',69,'lklk','created',NULL,NULL,NULL,'1',NULL),(15,'Bamnam',69,'amam','created',NULL,NULL,NULL,'1',NULL),(16,'ctuutf',69,'gyiff','created',NULL,NULL,NULL,'1',NULL),(17,'Hei på test',70,'Enda en testquiz','created',NULL,'','',NULL,NULL),(18,'Hdhdh',25,'Jdjdjd','created',NULL,NULL,NULL,'1',NULL),(19,'Trygdepils',25,'Litta quiz til trygdepilsen','finished',NULL,'','',NULL,NULL),(20,'DWa',71,'dwa','finished',NULL,'','',NULL,NULL),(21,'Venners sommerfest 2024',25,'Litta quiz til sommerfesten. Lykke til!','finished',NULL,'','',NULL,NULL),(22,'Godt & Blandet',25,'Enkelt','created',NULL,NULL,NULL,NULL,NULL),(23,'Julegøy',25,'Nå skal det quizzes for faen','created',NULL,NULL,NULL,NULL,NULL),(24,'Påskegøy',25,'Litta påskequiz','created',NULL,NULL,NULL,NULL,NULL),(25,'Påskegøy',25,'Litta påskequiz','created',NULL,NULL,NULL,'1',NULL),(26,'Lol',25,'Lol','created',NULL,NULL,NULL,NULL,NULL),(27,'jojo',25,'jojo','created',NULL,NULL,NULL,'1',NULL);
UNLOCK TABLES;
commit;

--
-- Table structure for table `game_instance`
--

DROP TABLE IF EXISTS `game_instance`;
/*!40101 SET @saved_cs_client     = @@character_set_client */;
/*!40101 SET character_set_client = utf8mb4 */;
CREATE TABLE `game_instance` (
  `id` int(11) NOT NULL AUTO_INCREMENT,
  `game_id` int(11) NOT NULL,
  `game_pin` varchar(255) COLLATE latin1_danish_ci NOT NULL,
  `created_at` varchar(255) COLLATE latin1_danish_ci DEFAULT NULL,
  `is_deleted` varchar(255) COLLATE latin1_danish_ci DEFAULT NULL,
  `status` varchar(255) COLLATE latin1_danish_ci DEFAULT NULL,
  `currentquestion` int(11) DEFAULT NULL,
  `created_by` varchar(255) COLLATE latin1_danish_ci DEFAULT NULL,
  `starttime` varchar(255) COLLATE latin1_danish_ci DEFAULT NULL,
  PRIMARY KEY (`id`),
  UNIQUE KEY `game_instance_id_uindex` (`id`)
) ENGINE=InnoDB AUTO_INCREMENT=48 DEFAULT CHARSET=latin1 COLLATE=latin1_danish_ci;
/*!40101 SET character_set_client = @saved_cs_client */;

--
-- Dumping data for table `game_instance`
--

LOCK TABLES `game_instance` WRITE;
set autocommit=0;
INSERT INTO `game_instance` VALUES (1,4,'piners',NULL,NULL,'created',NULL,'25',NULL),(2,4,'piners',NULL,NULL,'created',NULL,'25',NULL),(3,4,'piners',NULL,NULL,'created',NULL,'25',NULL),(4,5,'piners',NULL,NULL,'created',NULL,'25',NULL),(5,5,'21527',NULL,NULL,'created',NULL,'25',NULL),(6,5,'21527',NULL,NULL,'created',NULL,'25',NULL),(7,5,'21527',NULL,NULL,'created',NULL,'25',NULL),(8,5,'21527',NULL,NULL,'created',NULL,'25',NULL),(9,21,'76467',NULL,NULL,'created',NULL,'25',NULL),(10,19,'17151',NULL,NULL,'created',NULL,'25',NULL),(11,19,'99474',NULL,NULL,'created',0,'25',''),(12,19,'26248',NULL,NULL,'started',0,'25','18:54:53'),(13,22,'79319',NULL,NULL,'finished',0,'25',''),(14,22,'35398',NULL,NULL,'started',1,'25','21:37:00'),(15,22,'59794',NULL,NULL,'created',NULL,'25',NULL),(16,22,'51972',NULL,NULL,'created',0,'25',''),(17,22,'41667',NULL,NULL,'started',0,'25','22:44:13'),(18,22,'83731',NULL,NULL,'finished',1,'25','22:53:20'),(19,4,'77671',NULL,NULL,'created',NULL,'25',NULL),(20,5,'77285',NULL,NULL,'created',NULL,'25',NULL),(21,4,'86355',NULL,NULL,'created',NULL,'25',NULL),(22,2,'25897',NULL,NULL,'finished',0,'25',''),(23,6,'85956',NULL,NULL,'created',NULL,'25',NULL),(24,22,'29291',NULL,NULL,'started',4,'25','10:39:26'),(25,5,'49985',NULL,NULL,'created',NULL,'25',NULL),(26,4,'51717',NULL,NULL,'created',NULL,'25',NULL),(27,22,'56192',NULL,NULL,'created',NULL,'25',NULL),(28,22,'19595',NULL,NULL,'started',0,'25','14:25:52'),(29,22,'91484',NULL,NULL,'finished',0,'25',''),(30,21,'76334',NULL,NULL,'created',NULL,'25',NULL),(31,22,'97397',NULL,NULL,'finished',0,'25',''),(32,22,'38454',NULL,NULL,'finished',0,'25',''),(33,22,'88135',NULL,NULL,'finished',0,'25',''),(34,22,'14615',NULL,NULL,'finished',0,'25',''),(35,22,'12242',NULL,NULL,'finished',0,'25',''),(36,22,'28712',NULL,NULL,'finished',0,'25',''),(37,23,'21815',NULL,NULL,'finished',0,'25',''),(38,2,'23378',NULL,NULL,'created',NULL,'25',NULL),(39,23,'44713',NULL,NULL,'finished',0,'25',''),(40,23,'54288',NULL,NULL,'finished',0,'25',''),(41,23,'58571',NULL,NULL,'finished',0,'25',''),(42,24,'54255',NULL,NULL,'finished',0,'25',''),(43,24,'51664',NULL,NULL,'finished',0,'25',''),(44,24,'16967',NULL,NULL,'finished',0,'25',''),(45,24,'27437',NULL,NULL,'finished',0,'25',''),(46,26,'52114',NULL,NULL,'finished',0,'25',''),(47,26,'22418',NULL,NULL,'finished',0,'25','');
UNLOCK TABLES;
commit;

--
-- Table structure for table `game_instance_answers`
--

DROP TABLE IF EXISTS `game_instance_answers`;
/*!40101 SET @saved_cs_client     = @@character_set_client */;
/*!40101 SET character_set_client = utf8mb4 */;
CREATE TABLE `game_instance_answers` (
  `id` int(11) NOT NULL AUTO_INCREMENT,
  `game_instance_id` varchar(255) COLLATE latin1_danish_ci DEFAULT NULL,
  `game_instance_player_id` varchar(255) COLLATE latin1_danish_ci DEFAULT NULL,
  `game_question_id` varchar(255) COLLATE latin1_danish_ci DEFAULT NULL,
  `game_id` varchar(255) COLLATE latin1_danish_ci DEFAULT NULL,
  `points` varchar(255) COLLATE latin1_danish_ci DEFAULT NULL,
  `alternative` varchar(255) COLLATE latin1_danish_ci DEFAULT NULL,
  `correct` varchar(255) COLLATE latin1_danish_ci DEFAULT NULL,
  PRIMARY KEY (`id`),
  UNIQUE KEY `game_instance_answers_id_uindex` (`id`)
) ENGINE=InnoDB AUTO_INCREMENT=787 DEFAULT CHARSET=latin1 COLLATE=latin1_danish_ci;
/*!40101 SET character_set_client = @saved_cs_client */;

--
-- Dumping data for table `game_instance_answers`
--

LOCK TABLES `game_instance_answers` WRITE;
set autocommit=0;
INSERT INTO `game_instance_answers` VALUES (1,'12','2','43','19','882','1','1'),(2,'13','3','62','22','822','3','1'),(3,'13','3','63','22','841','1','1'),(4,'13','3','64','22','751','2','1'),(5,'13','3','65','22','770','4','1'),(6,'13','3','66','22','806','4','1'),(7,'17','4','62','22','716','3','1'),(8,'18','5','62','22','881','3','1'),(9,'18','5','63','22','926','1','1'),(10,'24','7','62','22','691','3','1'),(11,'24','7','63','22','746','1','1'),(12,'24','7','64','22','875','2','1'),(13,'24','7','65','22','751','4','1'),(14,'24','7','66','22','809','4','1'),(15,'27','7','63','22','809','4','1'),(16,'27','7','63','22','809','4','1'),(17,'27','7','63','22','809','4','1'),(18,'27','7','64','22','809','4','1'),(19,'27','7','64','22','809','4','1'),(20,'27','7','64','22','809','1','1'),(21,'27','7','64','22','809','1','1'),(22,'27','7','64','22','809','2','1'),(23,'28','8','62','22','904','4','0'),(24,'29','9','62','22','411','4','0'),(25,'29','9','63','22','1000','1','1'),(26,'29','9','64','22','590','4','0'),(27,'29','9','65','22','832','4','1'),(28,'29','9','66','22','870','4','1'),(29,'33','11','62','22','1000','4','0'),(30,'35','33','62','22','825','1','0'),(31,'35','25','62','22','817','3','1'),(32,'35','29','62','22','819','3','1'),(33,'35','26','62','22','742','3','1'),(34,'35','30','62','22','742','3','1'),(35,'35','32','62','22','718','3','1'),(36,'35','31','62','22','556','3','1'),(37,'35','22','62','22','433','3','1'),(38,'35','32','63','22','947','1','1'),(39,'35','25','63','22','898','4','0'),(40,'35','29','63','22','798','3','0'),(41,'35','26','63','22','707','3','0'),(42,'35','22','63','22','667','1','1'),(43,'35','33','63','22','608','4','0'),(44,'35','31','63','22','492','3','0'),(45,'35','30','63','22','329','3','0'),(46,'35','32','64','22','926','2','1'),(47,'35','26','64','22','831','2','1'),(48,'35','25','64','22','822','3','0'),(49,'35','29','64','22','705','4','0'),(50,'35','30','64','22','656','2','1'),(51,'35','31','64','22','574','2','1'),(52,'35','33','64','22','451','2','1'),(53,'35','22','64','22','304','2','1'),(54,'35','29','65','22','921','4','1'),(55,'35','30','65','22','934','4','1'),(56,'35','31','65','22','926','4','1'),(57,'35','25','65','22','856','4','1'),(58,'35','33','65','22','876','4','1'),(59,'35','32','65','22','782','4','1'),(60,'35','22','65','22','741','4','1'),(61,'35','26','65','22','165','4','1'),(62,'35','25','66','22','888','2','0'),(63,'35','26','66','22','873','2','0'),(64,'35','31','66','22','851','2','0'),(65,'35','32','66','22','851','3','0'),(66,'35','22','66','22','648','4','1'),(67,'35','29','66','22','486','4','1'),(68,'35','30','66','22','444','3','0'),(69,'35','33','66','22','276','3','0'),(70,'35','31','67','22','911','4','1'),(71,'35','26','67','22','782','3','0'),(72,'35','32','67','22','642','4','1'),(73,'35','25','67','22','612','4','1'),(74,'35','30','67','22','538','4','1'),(75,'35','33','67','22','494','3','0'),(76,'35','29','67','22','535','3','0'),(77,'35','22','67','22','393','4','1'),(78,'35','32','68','22','759','4','0'),(79,'35','30','68','22','614','1','0'),(80,'35','29','68','22','583','2','1'),(81,'35','31','68','22','538','1','0'),(82,'35','25','68','22','546','2','1'),(83,'35','26','68','22','422','2','1'),(84,'35','33','68','22','341','2','1'),(85,'35','22','68','22','245','1','0'),(86,'35','25','69','22','719','1','1'),(87,'35','30','69','22','590','1','1'),(88,'35','33','69','22','520','1','1'),(89,'35','22','69','22','508','1','1'),(90,'35','32','69','22','507','1','1'),(91,'35','26','69','22','505','1','1'),(92,'35','29','69','22','169','4','0'),(93,'35','31','69','22','182','4','0'),(94,'35','33','70','22','933','3','1'),(95,'35','32','70','22','885','1','0'),(96,'35','30','70','22','797','3','1'),(97,'35','26','70','22','778','1','0'),(98,'35','31','70','22','696','3','1'),(99,'35','29','70','22','665','1','0'),(100,'35','25','70','22','341','2','0'),(101,'35','22','70','22','311','2','0'),(102,'36','36','62','22','901','3','1'),(103,'36','37','62','22','684','2','0'),(104,'36','34','62','22','942','3','1'),(105,'36','38','62','22','547','3','1'),(106,'36','39','62','22','505','3','1'),(107,'36','37','63','22','943','3','0'),(108,'36','38','63','22','1000','1','1'),(109,'36','36','63','22','763','1','1'),(110,'36','39','63','22','586','3','0'),(111,'36','34','63','22','946','1','1'),(112,'36','38','64','22','709','2','1'),(113,'36','37','64','22','704','4','0'),(114,'36','34','64','22','955','1','0'),(115,'36','39','64','22','434','4','0'),(116,'36','36','64','22','339','3','0'),(117,'36','36','65','22','984','4','1'),(118,'36','39','65','22','948','4','1'),(119,'36','34','65','22','957','2','0'),(120,'36','38','65','22','357','3','0'),(121,'36','37','65','22','372','3','0'),(122,'36','37','66','22','949','3','0'),(123,'36','36','66','22','965','4','1'),(124,'36','34','66','22','917','3','0'),(125,'36','39','66','22','491','2','0'),(126,'36','38','66','22','339','4','1'),(127,'36','39','67','22','962','4','1'),(128,'36','38','67','22','1000','4','1'),(129,'36','34','67','22','965','4','1'),(130,'36','36','67','22','496','4','1'),(131,'36','37','67','22','403','4','1'),(132,'36','38','68','22','602','2','1'),(133,'36','34','68','22','950','2','1'),(134,'36','36','68','22','484','1','0'),(135,'36','37','68','22','398','2','1'),(136,'36','39','68','22','384','2','1'),(137,'36','36','69','22','956','1','1'),(138,'36','38','69','22','909','1','1'),(139,'36','34','69','22','825','1','1'),(140,'36','37','69','22','438','1','1'),(141,'36','39','69','22','300','1','1'),(142,'36','36','70','22','985','1','0'),(143,'36','37','70','22','961','3','1'),(144,'36','38','70','22','789','3','1'),(145,'36','34','70','22','966','1','0'),(146,'36','39','70','22','1000','3','1'),(147,'37','46','71','23','919','3','1'),(148,'37','40','71','23','872','3','1'),(149,'37','43','71','23','838','3','1'),(150,'37','42','71','23','816','3','1'),(151,'37','44','71','23','674','3','1'),(152,'37','49','71','23','681','3','1'),(153,'37','41','71','23','702','1','0'),(154,'37','45','71','23','675','3','1'),(155,'37','48','71','23','613','2','0'),(156,'37','47','71','23','559','2','0'),(157,'37','46','72','23','916','2','1'),(158,'37','42','72','23','918','2','1'),(159,'37','44','72','23','866','2','1'),(160,'37','47','72','23','859','2','1'),(161,'37','49','72','23','862','2','1'),(162,'37','40','72','23','800','2','1'),(163,'37','43','72','23','809','2','1'),(164,'37','41','72','23','803','2','1'),(165,'37','48','72','23','741','2','1'),(166,'37','45','72','23','676','2','1'),(167,'37','48','73','23','904','4','0'),(168,'37','46','73','23','883','1','1'),(169,'37','40','73','23','842','1','1'),(170,'37','45','73','23','828','4','0'),(171,'37','47','73','23','719','1','1'),(172,'37','42','73','23','709','1','1'),(173,'37','43','73','23','711','1','1'),(174,'37','41','73','23','704','1','1'),(175,'37','49','73','23','693','3','0'),(176,'37','44','73','23','584','1','1'),(177,'37','44','74','23','719','3','0'),(178,'37','47','74','23','733','3','0'),(179,'37','43','74','23','697','3','0'),(180,'37','41','74','23','695','1','1'),(181,'37','45','74','23','666','4','0'),(182,'37','42','74','23','604','1','1'),(183,'37','48','74','23','542','3','0'),(184,'37','40','74','23','478','3','0'),(185,'37','49','74','23','280','3','0'),(186,'37','46','74','23','1000','0','0'),(187,'37','45','75','23','904','4','1'),(188,'37','42','75','23','872','4','1'),(189,'37','40','75','23','903','4','1'),(190,'37','47','75','23','850','4','1'),(191,'37','43','75','23','875','2','0'),(192,'37','49','75','23','857','1','0'),(193,'37','46','75','23','835','3','0'),(194,'37','48','75','23','845','1','0'),(195,'37','44','75','23','578','4','1'),(196,'37','41','75','23','547','4','1'),(197,'37','43','76','23','855','2','0'),(198,'37','49','76','23','880','2','0'),(199,'37','40','76','23','834','3','1'),(200,'37','46','76','23','691','3','1'),(201,'37','44','76','23','633','2','0'),(202,'37','45','76','23','622','3','1'),(203,'37','41','76','23','614','1','0'),(204,'37','42','76','23','500','2','0'),(205,'37','48','76','23','282','1','0'),(206,'37','47','76','23','148','3','1'),(207,'37','42','77','23','861','2','0'),(208,'37','47','77','23','838','2','0'),(209,'37','49','77','23','814','1','1'),(210,'37','40','77','23','781','1','1'),(211,'37','45','77','23','760','4','0'),(212,'37','41','77','23','696','1','1'),(213,'37','48','77','23','617','2','0'),(214,'37','43','77','23','507','1','1'),(215,'37','44','77','23','475','1','1'),(216,'37','46','77','23','346','1','1'),(217,'37','46','78','23','870','4','1'),(218,'37','45','78','23','827','4','1'),(219,'37','42','78','23','858','4','1'),(220,'37','44','78','23','836','4','1'),(221,'37','47','78','23','834','4','1'),(222,'37','43','78','23','835','4','1'),(223,'37','49','78','23','779','4','1'),(224,'37','48','78','23','751','4','1'),(225,'37','41','78','23','659','1','0'),(226,'37','40','78','23','553','4','1'),(227,'37','48','79','23','893','2','1'),(228,'37','45','79','23','863','1','0'),(229,'37','49','79','23','869','2','1'),(230,'37','43','79','23','721','1','0'),(231,'37','46','79','23','700','1','0'),(232,'37','42','79','23','692','2','1'),(233,'37','44','79','23','620','1','0'),(234,'37','47','79','23','605','1','0'),(235,'37','40','79','23','612','1','0'),(236,'37','41','79','23','622','1','0'),(237,'37','49','80','23','913','1','1'),(238,'37','43','80','23','919','1','1'),(239,'37','40','80','23','901','1','1'),(240,'37','44','80','23','790','1','1'),(241,'37','46','80','23','799','2','0'),(242,'37','45','80','23','801','2','0'),(243,'37','42','80','23','669','1','1'),(244,'37','41','80','23','646','1','1'),(245,'37','47','80','23','568','1','1'),(246,'37','48','80','23','559','2','0'),(247,'40','54','71','23','854','3','1'),(248,'40','85','71','23','833','2','0'),(249,'40','51','71','23','819','1','0'),(250,'40','74','71','23','796','3','1'),(251,'40','87','71','23','787','1','0'),(252,'40','61','71','23','802','3','1'),(253,'40','73','71','23','792','3','1'),(254,'40','88','71','23','769','1','0'),(255,'40','63','71','23','768','3','1'),(256,'40','70','71','23','767','3','1'),(257,'40','60','71','23','786','1','0'),(258,'40','59','71','23','740','1','0'),(259,'40','50','71','23','683','2','0'),(260,'40','81','71','23','652','2','0'),(261,'40','64','71','23','655','3','1'),(262,'40','77','71','23','630','2','0'),(263,'40','86','71','23','630','3','1'),(264,'40','76','71','23','594','2','0'),(265,'40','62','71','23','536','3','1'),(266,'40','78','71','23','795','1','0'),(267,'40','56','71','23','505','1','0'),(268,'40','84','71','23','473','2','0'),(269,'40','66','71','23','495','3','1'),(270,'40','55','71','23','488','1','0'),(271,'40','69','71','23','459','2','0'),(272,'40','65','71','23','421','3','1'),(273,'40','83','71','23','307','3','1'),(274,'40','80','71','23','280','3','1'),(275,'40','57','71','23','166','3','1'),(276,'40','59','72','23','955','2','1'),(277,'40','50','72','23','912','2','1'),(278,'40','60','72','23','928','2','1'),(279,'40','77','72','23','902','2','1'),(280,'40','83','72','23','880','2','1'),(281,'40','63','72','23','883','2','1'),(282,'40','87','72','23','852','2','1'),(283,'40','73','72','23','824','2','1'),(284,'40','74','72','23','820','2','1'),(285,'40','64','72','23','834','2','1'),(286,'40','51','72','23','780','2','1'),(287,'40','78','72','23','956','2','1'),(288,'40','65','72','23','747','2','1'),(289,'40','86','72','23','771','2','1'),(290,'40','81','72','23','748','2','1'),(291,'40','55','72','23','730','2','1'),(292,'40','76','72','23','651','2','1'),(293,'40','84','72','23','704','2','1'),(294,'40','54','72','23','723','2','1'),(295,'40','62','72','23','655','2','1'),(296,'40','80','72','23','681','2','1'),(297,'40','70','72','23','700','2','1'),(298,'40','61','72','23','420','2','1'),(299,'40','56','72','23','422','4','0'),(300,'40','57','72','23','340','2','1'),(301,'40','88','72','23','284','1','0'),(302,'40','69','72','23','1000','2','1'),(303,'40','77','73','23','942','1','1'),(304,'40','69','73','23','895','1','1'),(305,'40','55','73','23','849','1','1'),(306,'40','60','73','23','897','1','1'),(307,'40','65','73','23','862','1','1'),(308,'40','86','73','23','831','1','1'),(309,'40','50','73','23','842','1','1'),(310,'40','73','73','23','828','1','1'),(311,'40','74','73','23','845','1','1'),(312,'40','61','73','23','758','1','1'),(313,'40','64','73','23','807','1','1'),(314,'40','56','73','23','759','2','0'),(315,'40','62','73','23','746','3','0'),(316,'40','59','73','23','758','1','1'),(317,'40','51','73','23','724','2','0'),(318,'40','87','73','23','660','1','1'),(319,'40','54','73','23','685','4','0'),(320,'40','76','73','23','533','1','1'),(321,'40','80','73','23','590','2','0'),(322,'40','84','73','23','561','1','1'),(323,'40','81','73','23','543','1','1'),(324,'40','83','73','23','487','1','1'),(325,'40','78','73','23','678','1','1'),(326,'40','63','73','23','422','1','1'),(327,'40','88','73','23','366','1','1'),(328,'40','70','73','23','378','2','0'),(329,'40','57','73','23','1000','0','0'),(330,'40','72','71','23','669','3','1'),(331,'40','51','74','23','891','3','0'),(332,'40','65','74','23','892','1','1'),(333,'40','61','74','23','802','3','0'),(334,'40','64','74','23','784','3','0'),(335,'40','50','74','23','764','3','0'),(336,'40','74','74','23','771','1','1'),(337,'40','60','74','23','829','1','1'),(338,'40','87','74','23','698','3','0'),(339,'40','86','74','23','726','4','0'),(340,'40','59','74','23','719','3','0'),(341,'40','56','74','23','643','2','0'),(342,'40','76','74','23','623','2','0'),(343,'40','70','74','23','708','3','0'),(344,'40','88','74','23','632','4','0'),(345,'40','80','74','23','670','4','0'),(346,'40','77','74','23','600','1','1'),(347,'40','57','74','23','635','3','0'),(348,'40','63','74','23','471','3','0'),(349,'40','73','74','23','410','1','1'),(350,'40','55','74','23','462','1','1'),(351,'40','84','74','23','386','3','0'),(352,'40','54','74','23','162','4','0'),(353,'40','83','74','23','151','4','0'),(354,'40','78','74','23','364','3','0'),(355,'40','69','74','23','1000','0','0'),(356,'40','81','74','23','1000','0','0'),(357,'40','69','75','23','936','2','0'),(358,'40','87','75','23','883','4','1'),(359,'40','70','75','23','900','3','0'),(360,'40','64','75','23','879','4','1'),(361,'40','74','75','23','896','2','0'),(362,'40','51','75','23','859','1','0'),(363,'40','59','75','23','850','2','0'),(364,'40','55','75','23','798','4','1'),(365,'40','60','75','23','854','2','0'),(366,'40','61','75','23','790','2','0'),(367,'40','50','75','23','814','4','1'),(368,'40','77','75','23','797','2','0'),(369,'40','76','75','23','732','1','0'),(370,'40','65','75','23','762','3','0'),(371,'40','88','75','23','724','2','0'),(372,'40','63','75','23','719','3','0'),(373,'40','78','75','23','956','2','0'),(374,'40','54','75','23','724','3','0'),(375,'40','84','75','23','712','2','0'),(376,'40','83','75','23','698','1','0'),(377,'40','57','75','23','691','2','0'),(378,'40','86','75','23','1000','1','0'),(379,'40','73','75','23','650','4','1'),(380,'40','80','75','23','454','4','1'),(381,'40','56','75','23','214','2','0'),(382,'40','64','76','23','863','3','1'),(383,'40','50','76','23','845','2','0'),(384,'40','88','76','23','827','3','1'),(385,'40','65','76','23','820','3','1'),(386,'40','70','76','23','855','3','1'),(387,'40','55','76','23','787','3','1'),(388,'40','60','76','23','803','3','1'),(389,'40','74','76','23','733','3','1'),(390,'40','69','76','23','730','3','1'),(391,'40','77','76','23','751','2','0'),(392,'40','57','76','23','705','3','1'),(393,'40','63','76','23','674','1','0'),(394,'40','61','76','23','605','2','0'),(395,'40','78','76','23','783','3','1'),(396,'40','73','76','23','1000','2','0'),(397,'40','51','76','23','598','1','0'),(398,'40','54','76','23','590','3','1'),(399,'40','56','76','23','532','2','0'),(400,'40','83','76','23','551','1','0'),(401,'40','59','76','23','486','2','0'),(402,'40','76','76','23','386','1','0'),(403,'40','87','76','23','452','2','0'),(404,'40','84','76','23','373','3','1'),(405,'40','86','76','23','204','2','0'),(406,'40','80','76','23','1000','0','0'),(407,'40','61','77','23','897','4','0'),(408,'40','74','77','23','874','3','0'),(409,'40','60','77','23','872','1','1'),(410,'40','50','77','23','841','3','0'),(411,'40','70','77','23','826','1','1'),(412,'40','59','77','23','810','4','0'),(413,'40','86','77','23','750','3','0'),(414,'40','65','77','23','733','3','0'),(415,'40','83','77','23','737','4','0'),(416,'40','78','77','23','856','2','0'),(417,'40','87','77','23','662','1','1'),(418,'40','63','77','23','613','2','0'),(419,'40','80','77','23','1000','4','0'),(420,'40','56','77','23','546','2','0'),(421,'40','64','77','23','519','4','0'),(422,'40','55','77','23','519','2','0'),(423,'40','73','77','23','440','2','0'),(424,'40','84','77','23','408','3','0'),(425,'40','88','77','23','416','2','0'),(426,'40','69','77','23','1000','2','0'),(427,'40','76','77','23','325','1','1'),(428,'40','77','77','23','353','2','0'),(429,'40','57','77','23','135','2','0'),(430,'40','54','77','23','153','1','1'),(431,'40','51','77','23','1000','0','0'),(432,'40','61','78','23','915','4','1'),(433,'40','87','78','23','912','4','1'),(434,'40','54','78','23','898','4','1'),(435,'40','50','78','23','857','4','1'),(436,'40','70','78','23','900','4','1'),(437,'40','60','78','23','871','4','1'),(438,'40','51','78','23','856','4','1'),(439,'40','77','78','23','851','4','1'),(440,'40','59','78','23','838','4','1'),(441,'40','56','78','23','799','4','1'),(442,'40','57','78','23','774','4','1'),(443,'40','80','78','23','1000','4','1'),(444,'40','55','78','23','741','4','1'),(445,'40','74','78','23','729','4','1'),(446,'40','63','78','23','713','2','0'),(447,'40','76','78','23','664','3','0'),(448,'40','78','78','23','887','1','0'),(449,'40','65','78','23','656','4','1'),(450,'40','88','78','23','668','1','0'),(451,'40','69','78','23','625','4','1'),(452,'40','73','78','23','645','4','1'),(453,'40','86','78','23','1000','3','0'),(454,'40','64','78','23','467','2','0'),(455,'40','84','78','23','404','1','0'),(456,'40','69','79','23','896','4','0'),(457,'40','60','79','23','875','1','0'),(458,'40','61','79','23','818','3','0'),(459,'40','70','79','23','853','2','1'),(460,'40','74','79','23','805','1','0'),(461,'40','59','79','23','806','2','1'),(462,'40','77','79','23','761','2','1'),(463,'40','50','79','23','721','2','1'),(464,'40','65','79','23','721','2','1'),(465,'40','80','79','23','1000','2','1'),(466,'40','56','79','23','601','3','0'),(467,'40','86','79','23','598','2','1'),(468,'40','51','79','23','593','3','0'),(469,'40','88','79','23','612','2','1'),(470,'40','76','79','23','542','2','1'),(471,'40','64','79','23','534','2','1'),(472,'40','55','79','23','481','2','1'),(473,'40','73','79','23','1000','2','1'),(474,'40','63','79','23','434','2','1'),(475,'40','87','79','23','426','2','1'),(476,'40','84','79','23','407','3','0'),(477,'40','54','79','23','393','2','1'),(478,'40','57','79','23','334','2','1'),(479,'40','78','79','23','351','2','1'),(480,'40','59','80','23','1000','0','0'),(481,'40','74','80','23','904','1','1'),(482,'40','86','80','23','874','1','1'),(483,'40','60','80','23','880','1','1'),(484,'40','76','80','23','752','1','1'),(485,'40','69','80','23','790','1','1'),(486,'40','87','80','23','780','1','1'),(487,'40','61','80','23','753','4','0'),(488,'40','77','80','23','787','1','1'),(489,'40','65','80','23','757','4','0'),(490,'40','55','80','23','769','1','1'),(491,'40','51','80','23','753','1','1'),(492,'40','70','80','23','794','2','0'),(493,'40','88','80','23','713','1','1'),(494,'40','50','80','23','649','1','1'),(495,'40','64','80','23','651','3','0'),(496,'40','54','80','23','608','2','0'),(497,'40','78','80','23','752','1','1'),(498,'40','63','80','23','597','4','0'),(499,'40','84','80','23','508','4','0'),(500,'40','56','80','23','515','2','0'),(501,'40','73','80','23','1000','1','1'),(502,'40','57','80','23','354','1','1'),(503,'40','80','80','23','1000','4','0'),(504,'42','95','81','24','751','3','1'),(505,'42','98','81','24','752','4','0'),(506,'42','93','81','24','735','4','0'),(507,'42','92','81','24','630','1','0'),(508,'42','99','81','24','548','2','0'),(509,'42','94','81','24','488','3','1'),(510,'42','91','81','24','353','3','1'),(511,'42','90','81','24','251','2','0'),(512,'42','96','81','24','1000','0','0'),(513,'42','89','81','24','1000','0','0'),(514,'42','97','81','24','1000','0','0'),(515,'42','93','82','24','806','3','0'),(516,'42','97','82','24','529','1','1'),(517,'42','90','82','24','484','3','0'),(518,'42','91','82','24','400','1','1'),(519,'42','96','82','24','414','1','1'),(520,'42','94','82','24','315','3','0'),(521,'42','89','82','24','307','3','0'),(522,'42','95','82','24','1000','0','0'),(523,'42','98','82','24','1000','0','0'),(524,'42','92','82','24','1000','0','0'),(525,'42','98','83','24','889','3','0'),(526,'42','92','83','24','853','2','1'),(527,'42','93','83','24','796','2','1'),(528,'42','94','83','24','774','2','1'),(529,'42','89','83','24','731','2','1'),(530,'42','97','83','24','674','2','1'),(531,'42','96','83','24','686','2','1'),(532,'42','91','83','24','678','2','1'),(533,'42','90','83','24','490','2','1'),(534,'42','95','83','24','285','2','1'),(535,'42','93','84','24','780','4','0'),(536,'42','98','84','24','725','4','0'),(537,'42','91','84','24','559','1','1'),(538,'42','96','84','24','464','1','1'),(539,'42','89','84','24','454','1','1'),(540,'42','92','84','24','414','1','1'),(541,'42','97','84','24','372','1','1'),(542,'42','95','84','24','282','1','1'),(543,'42','90','84','24','151','3','0'),(544,'42','94','84','24','1000','0','0'),(545,'42','91','85','24','975','2','0'),(546,'42','98','85','24','904','4','1'),(547,'42','96','85','24','911','4','1'),(548,'42','89','85','24','855','4','1'),(549,'42','97','85','24','827','4','1'),(550,'42','90','85','24','811','4','1'),(551,'42','95','85','24','800','4','1'),(552,'42','93','85','24','723','2','0'),(553,'42','94','85','24','497','3','0'),(554,'42','92','85','24','488','2','0'),(555,'42','89','86','24','851','2','1'),(556,'42','98','86','24','824','3','0'),(557,'42','96','86','24','787','2','1'),(558,'42','93','86','24','809','2','1'),(559,'42','90','86','24','752','2','1'),(560,'42','95','86','24','736','2','1'),(561,'42','91','86','24','528','3','0'),(562,'42','94','86','24','467','2','1'),(563,'42','92','86','24','278','3','0'),(564,'42','97','86','24','229','2','1'),(565,'42','89','87','24','960','2','0'),(566,'42','96','87','24','934','2','0'),(567,'42','91','87','24','911','2','0'),(568,'42','93','87','24','882','2','0'),(569,'42','92','87','24','850','2','0'),(570,'42','94','87','24','846','2','0'),(571,'42','98','87','24','747','2','0'),(572,'42','97','87','24','716','1','1'),(573,'42','95','87','24','545','2','0'),(574,'42','90','87','24','1000','1','1'),(575,'42','92','88','24','888','4','1'),(576,'42','96','88','24','875','2','0'),(577,'42','93','88','24','821','2','0'),(578,'42','91','88','24','765','2','0'),(579,'42','94','88','24','741','2','0'),(580,'42','97','88','24','737','2','0'),(581,'42','98','88','24','652','3','0'),(582,'42','95','88','24','609','4','1'),(583,'42','90','88','24','518','4','1'),(584,'42','89','88','24','472','3','0'),(585,'42','89','89','24','886','2','1'),(586,'42','93','89','24','820','1','0'),(587,'42','91','89','24','830','2','1'),(588,'42','97','89','24','709','2','1'),(589,'42','90','89','24','703','2','1'),(590,'42','95','89','24','581','2','1'),(591,'42','98','89','24','496','2','1'),(592,'42','94','89','24','460','2','1'),(593,'42','92','89','24','382','2','1'),(594,'42','96','89','24','230','2','1'),(595,'42','96','90','24','845','2','0'),(596,'42','89','90','24','823','1','1'),(597,'42','93','90','24','789','3','0'),(598,'42','98','90','24','742','3','0'),(599,'42','97','90','24','706','2','0'),(600,'42','94','90','24','582','1','1'),(601,'42','90','90','24','463','1','1'),(602,'42','95','90','24','438','3','0'),(603,'42','91','90','24','348','2','0'),(604,'42','92','90','24','1000','0','0'),(605,'43','102','81','24','814','2','0'),(606,'43','101','81','24','781','3','1'),(607,'43','100','81','24','671','2','0'),(608,'43','102','82','24','807','1','1'),(609,'43','101','82','24','776','2','0'),(610,'43','100','82','24','1000','0','0'),(611,'43','102','83','24','794','2','1'),(612,'43','100','83','24','678','2','1'),(613,'43','101','83','24','672','2','1'),(614,'43','101','84','24','769','1','1'),(615,'43','102','84','24','714','1','1'),(616,'43','100','84','24','193','2','0'),(617,'43','102','85','24','743','2','0'),(618,'43','100','85','24','581','2','0'),(619,'43','101','85','24','1000','4','1'),(620,'43','102','86','24','827','2','1'),(621,'43','101','86','24','588','2','1'),(622,'43','100','86','24','500','2','1'),(623,'43','101','87','24','1000','1','1'),(624,'43','102','87','24','788','4','0'),(625,'43','100','87','24','227','3','0'),(626,'43','100','88','24','718','2','0'),(627,'43','102','88','24','681','2','0'),(628,'43','101','88','24','1000','2','0'),(629,'43','100','89','24','596','2','1'),(630,'43','102','89','24','570','3','0'),(631,'43','101','89','24','1000','2','1'),(632,'43','101','90','24','1000','1','1'),(633,'43','100','90','24','484','1','1'),(634,'43','102','90','24','426','2','0'),(635,'44','109','81','24','938','1','0'),(636,'44','105','81','24','798','1','0'),(637,'44','103','81','24','813','1','0'),(638,'44','117','81','24','784','1','0'),(639,'44','107','81','24','769','3','1'),(640,'44','113','81','24','698','2','0'),(641,'44','108','81','24','735','1','0'),(642,'44','116','81','24','645','2','0'),(643,'44','112','81','24','537','3','1'),(644,'44','118','81','24','470','4','0'),(645,'44','114','81','24','378','3','1'),(646,'44','119','81','24','338','2','0'),(647,'44','110','81','24','870','2','0'),(648,'44','106','81','24','238','4','0'),(649,'44','115','81','24','1000','0','0'),(650,'44','111','81','24','1000','0','0'),(651,'44','112','82','24','889','4','0'),(652,'44','115','82','24','832','1','1'),(653,'44','109','82','24','794','2','0'),(654,'44','117','82','24','708','3','0'),(655,'44','108','82','24','697','2','0'),(656,'44','107','82','24','634','1','1'),(657,'44','105','82','24','626','3','0'),(658,'44','119','82','24','580','1','1'),(659,'44','103','82','24','537','4','0'),(660,'44','118','82','24','441','1','1'),(661,'44','116','82','24','374','2','0'),(662,'44','106','82','24','294','2','0'),(663,'44','113','82','24','296','2','0'),(664,'44','114','82','24','256','2','0'),(665,'44','111','82','24','1000','1','1'),(666,'44','110','82','24','791','1','1'),(667,'44','118','83','24','847','2','1'),(668,'44','109','83','24','865','2','1'),(669,'44','117','83','24','785','2','1'),(670,'44','112','83','24','749','2','1'),(671,'44','113','83','24','723','2','1'),(672,'44','115','83','24','645','2','1'),(673,'44','107','83','24','611','2','1'),(674,'44','116','83','24','609','2','1'),(675,'44','103','83','24','552','2','1'),(676,'44','106','83','24','594','2','1'),(677,'44','114','83','24','505','2','1'),(678,'44','111','83','24','1000','2','1'),(679,'44','108','83','24','398','1','0'),(680,'44','119','83','24','310','1','0'),(681,'44','110','83','24','628','2','1'),(682,'44','103','84','24','983','3','0'),(683,'44','118','84','24','893','1','1'),(684,'44','109','84','24','816','3','0'),(685,'44','115','84','24','806','2','0'),(686,'44','112','84','24','737','1','1'),(687,'44','114','84','24','655','1','1'),(688,'44','106','84','24','679','1','1'),(689,'44','117','84','24','654','3','0'),(690,'44','107','84','24','418','4','0'),(691,'44','119','84','24','426','1','1'),(692,'44','108','84','24','380','2','0'),(693,'44','113','84','24','343','1','1'),(694,'44','111','84','24','1000','4','0'),(695,'44','110','84','24','813','1','1'),(696,'44','116','84','24','173','3','0'),(697,'44','112','85','24','896','2','0'),(698,'44','118','85','24','883','4','1'),(699,'44','119','85','24','836','4','1'),(700,'44','109','85','24','844','4','1'),(701,'44','106','85','24','853','4','1'),(702,'44','114','85','24','736','2','0'),(703,'44','108','85','24','739','4','1'),(704,'44','103','85','24','720','4','1'),(705,'44','115','85','24','690','4','1'),(706,'44','107','85','24','638','4','1'),(707,'44','117','85','24','1000','3','0'),(708,'44','116','85','24','417','3','0'),(709,'44','113','85','24','1000','0','0'),(710,'44','111','85','24','1000','0','0'),(711,'44','110','85','24','745','4','1'),(712,'44','112','86','24','914','2','1'),(713,'44','119','86','24','895','2','1'),(714,'44','118','86','24','866','2','1'),(715,'44','109','86','24','849','2','1'),(716,'44','115','86','24','822','2','1'),(717,'44','103','86','24','755','2','1'),(718,'44','107','86','24','774','2','1'),(719,'44','111','86','24','1000','2','1'),(720,'44','106','86','24','742','2','1'),(721,'44','113','86','24','681','2','1'),(722,'44','116','86','24','639','2','1'),(723,'44','114','86','24','1000','2','1'),(724,'44','117','86','24','1000','2','1'),(725,'44','108','86','24','409','2','1'),(726,'44','110','86','24','792','2','1'),(727,'44','112','87','24','935','2','0'),(728,'44','118','87','24','885','2','0'),(729,'44','109','87','24','872','2','0'),(730,'44','113','87','24','813','2','0'),(731,'44','117','87','24','1000','1','1'),(732,'44','115','87','24','706','2','0'),(733,'44','116','87','24','758','1','1'),(734,'44','111','87','24','1000','3','0'),(735,'44','107','87','24','606','1','1'),(736,'44','108','87','24','515','3','0'),(737,'44','103','87','24','1000','3','0'),(738,'44','119','87','24','565','1','1'),(739,'44','106','87','24','458','3','0'),(740,'44','114','87','24','1000','4','0'),(741,'44','110','87','24','932','2','0'),(742,'44','109','88','24','853','3','0'),(743,'44','118','88','24','820','2','0'),(744,'44','112','88','24','781','4','1'),(745,'44','108','88','24','739','4','1'),(746,'44','107','88','24','728','4','1'),(747,'44','117','88','24','1000','4','1'),(748,'44','103','88','24','1000','3','0'),(749,'44','116','88','24','659','2','0'),(750,'44','114','88','24','1000','3','0'),(751,'44','106','88','24','488','3','0'),(752,'44','111','88','24','1000','4','1'),(753,'44','115','88','24','504','3','0'),(754,'44','119','88','24','492','2','0'),(755,'44','113','88','24','364','1','0'),(756,'44','110','88','24','800','4','1'),(757,'44','118','89','24','794','3','0'),(758,'44','113','89','24','809','2','1'),(759,'44','115','89','24','824','1','0'),(760,'44','103','89','24','1000','2','1'),(761,'44','112','89','24','734','3','0'),(762,'44','106','89','24','737','2','1'),(763,'44','109','89','24','675','1','0'),(764,'44','119','89','24','622','2','1'),(765,'44','116','89','24','667','2','1'),(766,'44','117','89','24','1000','3','0'),(767,'44','108','89','24','535','3','0'),(768,'44','114','89','24','1000','2','1'),(769,'44','107','89','24','434','2','1'),(770,'44','111','89','24','1000','3','0'),(771,'44','110','89','24','825','2','1'),(772,'44','119','90','24','835','1','1'),(773,'44','109','90','24','813','2','0'),(774,'44','107','90','24','758','3','0'),(775,'44','103','90','24','1000','2','0'),(776,'44','112','90','24','708','2','0'),(777,'44','117','90','24','1000','1','1'),(778,'44','108','90','24','633','3','0'),(779,'44','118','90','24','1000','3','0'),(780,'44','113','90','24','505','1','1'),(781,'44','106','90','24','328','4','0'),(782,'44','111','90','24','1000','2','0'),(783,'44','116','90','24','367','2','0'),(784,'44','114','90','24','1000','0','0'),(785,'44','115','90','24','275','3','0'),(786,'44','110','90','24','872','1','1');
UNLOCK TABLES;
commit;

--
-- Table structure for table `game_instance_players`
--

DROP TABLE IF EXISTS `game_instance_players`;
/*!40101 SET @saved_cs_client     = @@character_set_client */;
/*!40101 SET character_set_client = utf8mb4 */;
CREATE TABLE `game_instance_players` (
  `id` int(11) NOT NULL AUTO_INCREMENT,
  `game_id` varchar(255) COLLATE utf8mb4_bin NOT NULL,
  `game_instance_id` varchar(255) COLLATE utf8mb4_bin NOT NULL,
  `username` varchar(255) COLLATE utf8mb4_bin NOT NULL,
  `score` varchar(255) COLLATE utf8mb4_bin NOT NULL,
  `colour` varchar(255) COLLATE utf8mb4_bin DEFAULT NULL,
  `lottery` varchar(255) COLLATE utf8mb4_bin DEFAULT NULL,
  `spending` varchar(255) COLLATE utf8mb4_bin DEFAULT NULL,
  PRIMARY KEY (`id`),
  UNIQUE KEY `game_instance_players_id_uindex` (`id`)
) ENGINE=InnoDB AUTO_INCREMENT=121 DEFAULT CHARSET=utf8mb4 COLLATE=utf8mb4_bin;
/*!40101 SET character_set_client = @saved_cs_client */;

--
-- Dumping data for table `game_instance_players`
--

LOCK TABLES `game_instance_players` WRITE;
set autocommit=0;
INSERT INTO `game_instance_players` VALUES (1,'19','11','einart','0',NULL,NULL,NULL),(2,'19','12','Einart','0','3',NULL,NULL),(3,'22','13','Einart','3740','1',NULL,NULL),(4,'22','17','Einar ????????????????????????','716','1',NULL,NULL),(5,'22','18','Krall','1357','3',NULL,NULL),(6,'6','23','Kølle','0','3',NULL,NULL),(7,'22','24','Balla','3172','1',NULL,NULL),(8,'22','28','Gggg','0',NULL,NULL,NULL),(9,'22','29','Nick','2252','3',NULL,NULL),(10,'21','30','jjj','0',NULL,NULL,NULL),(11,'22','33','Katt','0','3',NULL,NULL),(12,'22','34','Køllersen','0','1',NULL,NULL),(13,'22','34','Dritt','0',NULL,NULL,NULL),(15,'22','34','😄','0',NULL,NULL,NULL),(16,'22','34','🐖','0',NULL,NULL,NULL),(17,'22','34','🌴🛋️⛰️','0',NULL,NULL,NULL),(18,'22','34','👩🏿‍🦰🫀','0',NULL,NULL,NULL),(19,'22','34','🤷🏼‍♂️🤷🏼‍♂️🤷🏼‍♂️','0',NULL,NULL,NULL),(20,'22','34','Bæsjeklædden💩','0',NULL,NULL,NULL),(21,'22','35','Steinar','0','1',NULL,NULL),(22,'22','35','Ishan','3444','2',NULL,NULL),(23,'22','35','Trøndern','0',NULL,NULL,NULL),(24,'22','35','Mari','0','3',NULL,NULL),(25,'22','35','Eldar Vågan','3550','2',NULL,NULL),(26,'22','35','Tonje','2665','3',NULL,NULL),(27,'22','35','Kamma','0','3',NULL,NULL),(28,'22','35','Brura','0','1',NULL,NULL),(29,'22','35','Mari','2809','2',NULL,NULL),(30,'22','35','Trøndern','0',NULL,NULL,NULL),(31,'22','35','Mari','3663','1',NULL,NULL),(32,'22','35','Steinar','4322','1',NULL,NULL),(33,'22','35','Kapping 😼 ÷ 😜','3121','2',NULL,NULL),(34,'22','36','Nigger','4628','3',NULL,NULL),(35,'22','36','Pre','0',NULL,NULL,NULL),(36,'22','36','Sotrøret','5065','3',NULL,NULL),(37,'22','36','Tiss? 💩','2200','1',NULL,NULL),(38,'22','36','Jøden ⭐️','5245','2',NULL,NULL),(39,'22','36','🍆','3399','2',NULL,NULL),(40,'23','37','Trøndern','6236','3',NULL,NULL),(41,'23','37','a00781','3641','1',NULL,NULL),(42,'23','37','saTotenBrura','6138','2',NULL,NULL),(43,'23','37','Sealord','4619','0',NULL,NULL),(44,'23','37','A0-_-0A','4803','2',NULL,NULL),(45,'23','37','a00448','3704','0',NULL,NULL),(46,'23','37','Brura','4625','1',NULL,NULL),(47,'23','37','Haug','3978','1',NULL,NULL),(48,'23','37','Snuppa','2385','3',NULL,NULL),(49,'23','37','Kamma','4918','1',NULL,NULL),(50,'23','40','Kenneth liker tiss','4545','3',NULL,NULL),(51,'23','40','Pippi ','2389','1',NULL,NULL),(52,'23','40','FUCKkenneth2024','0','2',NULL,NULL),(53,'23','40','Øl','0','3',NULL,NULL),(54,'23','40','Julebrus','3361','0',NULL,NULL),(55,'23','40','Rrrrrrr','4867','0',NULL,NULL),(56,'23','40','Nissemor ','799','2',NULL,NULL),(57,'23','40','Noldus','1723','2',NULL,NULL),(58,'23','40','Knullkenneth','0','0',NULL,NULL),(59,'23','40','Linni','2907',NULL,NULL,NULL),(60,'23','40','Kahoot<3','6080','2',NULL,NULL),(61,'23','40','Prr','2445','1',NULL,NULL),(62,'23','40','Øl 2.0','1191','3',NULL,NULL),(63,'23','40','Liz','2507','2',NULL,NULL),(64,'23','40','Ben Dover','4072','1',NULL,NULL),(65,'23','40','Harald','3369','2',NULL,NULL),(66,'23','40','HolyMacaroni','495','1',NULL,NULL),(67,'23','40','Dritanissen ','0','1',NULL,NULL),(68,'23','40','(H)Jule(b)rus','0','1',NULL,NULL),(69,'23','40','StooooooorT','2440','2',NULL,NULL),(70,'23','40','Faktisk kenneth','4651','0',NULL,NULL),(71,'23','40','Lama','0','3',NULL,NULL),(72,'23','40','Fuck Kenneth x2','669',NULL,NULL,NULL),(73,'23','40','idusss','4799',NULL,NULL,NULL),(74,'23','40','Bananen','5398','1',NULL,NULL),(75,'23','40','Spis bæsj kennetj','0',NULL,NULL,NULL),(76,'23','40','Vyacheslav','2103',NULL,NULL,NULL),(77,'23','40','Santa mom🤶 ','4143','2',NULL,NULL),(78,'23','40','Rompelarve','3520','3',NULL,NULL),(79,'23','40','DritaNissen','0','3',NULL,NULL),(80,'23','40','Eller er dette Kennet?','2065',NULL,NULL,NULL),(81,'23','40','Ææææh','841','2',NULL,NULL),(82,'23','40','Kennethlikercum','0',NULL,NULL,NULL),(83,'23','40','Dette er ikke kenneth','1674','3',NULL,NULL),(84,'23','40','🙃','1638','1',NULL,NULL),(85,'23','40','DritaNissen🎅🏻🎄🌲','0','1',NULL,NULL),(86,'23','40','Eddie edru','2054',NULL,NULL,NULL),(87,'23','40','Julerus','4975','1',NULL,NULL),(88,'23','40','Knullkenneth','2518','0',NULL,NULL),(89,'24','42','Trøndern','4350','3',NULL,NULL),(90,'24','42','a00781','3337','0',NULL,NULL),(91,'24','42','Sabrura69','2620','1',NULL,NULL),(92,'24','42','RakePucker','2287','2',NULL,NULL),(93,'24','42','Johan','1605','1',NULL,NULL),(94,'24','42','Gulogblå','2521',NULL,NULL,NULL),(95,'24','42','Lesba','4044','2',NULL,NULL),(96,'24','42','Sealord','3292','1',NULL,NULL),(97,'24','42','Opp i ringa!','4056',NULL,NULL,NULL),(98,'24','42','Nils ','1150','3',NULL,NULL),(99,'24','42','Danser med ulver','0',NULL,NULL,NULL),(100,'24','43','RRRRRRRR','1508','1',NULL,NULL),(101,'24','43','idusss','4310','2',NULL,NULL),(102,'24','43','GompiGomp','2142',NULL,NULL,NULL),(103,'24','44','Deleier nr. 4','2427',NULL,NULL,NULL),(104,'24','44','Hunk Vin Sthaalquk','0','1',NULL,NULL),(105,'24','44','Bimbo','0','3',NULL,NULL),(106,'24','44','Besøk','2105','2',NULL,NULL),(107,'24','44','Rrrr','3444','2',NULL,NULL),(108,'24','44','Chuchi','1437','2',NULL,NULL),(109,'24','44','Negerjeger','2308','3',NULL,NULL),(110,'24','44','Mordiììiiiiiiiiiiiiiiiiiiiiii','6266','3',NULL,NULL),(111,'24','44','DinMor','850','3',NULL,NULL),(112,'24','44','Bananen','3468','3',NULL,NULL),(113,'24','44','Liz','2811','1',NULL,NULL),(114,'24','44','Laksepølse','1488','1',NULL,NULL),(115,'24','44','Banan 2','2539','3',NULL,NULL),(116,'24','44','Osloberte ','2223','1',NULL,NULL),(117,'24','44','dusssss','2085','0',NULL,NULL),(118,'24','44','EddieEdru','2680','2',NULL,NULL),(119,'24','44','Hunk Von sthaalquk','4559','2',NULL,NULL),(120,'24','45','yo','0',NULL,NULL,NULL);
UNLOCK TABLES;
commit;

--
-- Table structure for table `game_instance_upgrades`
--

DROP TABLE IF EXISTS `game_instance_upgrades`;
/*!40101 SET @saved_cs_client     = @@character_set_client */;
/*!40101 SET character_set_client = utf8mb4 */;
CREATE TABLE `game_instance_upgrades` (
  `id` int(11) NOT NULL AUTO_INCREMENT,
  `game_instance_id` varchar(255) COLLATE latin1_danish_ci DEFAULT NULL,
  `game_instance_player_id` varchar(255) COLLATE latin1_danish_ci DEFAULT NULL,
  `game_id` varchar(255) COLLATE latin1_danish_ci DEFAULT NULL,
  `price` varchar(255) COLLATE latin1_danish_ci DEFAULT NULL,
  `level` varchar(255) COLLATE latin1_danish_ci DEFAULT NULL,
  `type` varchar(255) COLLATE latin1_danish_ci DEFAULT NULL,
  PRIMARY KEY (`id`),
  UNIQUE KEY `game_instance_upgrades_id_uindex` (`id`)
) ENGINE=InnoDB DEFAULT CHARSET=latin1 COLLATE=latin1_danish_ci;
/*!40101 SET character_set_client = @saved_cs_client */;

--
-- Dumping data for table `game_instance_upgrades`
--

LOCK TABLES `game_instance_upgrades` WRITE;
set autocommit=0;
UNLOCK TABLES;
commit;

--
-- Table structure for table `game_players`
--

DROP TABLE IF EXISTS `game_players`;
/*!40101 SET @saved_cs_client     = @@character_set_client */;
/*!40101 SET character_set_client = utf8mb4 */;
CREATE TABLE `game_players` (
  `id` int(11) NOT NULL AUTO_INCREMENT,
  `name` varchar(255) COLLATE latin1_danish_ci NOT NULL,
  `game_id` int(11) NOT NULL,
  `score` varchar(255) COLLATE latin1_danish_ci DEFAULT NULL,
  `answered` varchar(255) COLLATE latin1_danish_ci DEFAULT NULL,
  `status` varchar(255) COLLATE latin1_danish_ci DEFAULT NULL,
  `bonus` varchar(255) COLLATE latin1_danish_ci DEFAULT NULL,
  `admin` tinyint(1) DEFAULT NULL,
  PRIMARY KEY (`id`),
  UNIQUE KEY `game_players_id_uindex` (`id`)
) ENGINE=InnoDB AUTO_INCREMENT=403 DEFAULT CHARSET=latin1 COLLATE=latin1_danish_ci;
/*!40101 SET character_set_client = @saved_cs_client */;

--
-- Dumping data for table `game_players`
--

LOCK TABLES `game_players` WRITE;
set autocommit=0;
INSERT INTO `game_players` VALUES (280,'Lolmao',3,'0',NULL,'joined',NULL,NULL),(320,'halla',5,'0',NULL,'joined',NULL,NULL),(324,'Eira',4,'1669',NULL,'joined',NULL,NULL),(325,'Dårligstiquiz',4,'548',NULL,'joined',NULL,NULL),(326,'Sugmeg123',4,'3667',NULL,'joined',NULL,NULL),(330,'dwa',20,'766',NULL,'joined',NULL,NULL),(332,'Einar',6,'1479',NULL,'joined',NULL,NULL),(334,'hack',6,'0',NULL,'joined',NULL,NULL),(335,'kk',5,'0',NULL,'joined',NULL,NULL),(336,'lll',1,'0',NULL,'joined',NULL,NULL),(337,'mmm',5,'0',NULL,'joined',NULL,NULL),(338,'ggggg',5,'0',NULL,'joined',NULL,NULL),(366,'Pikkersen',19,'2269',NULL,'joined',NULL,2),(367,'Gjert Qumfhjärt',19,'1800',NULL,'joined',NULL,1),(368,'Vaginasen',19,'3390',NULL,'joined',NULL,3),(369,'Kan jeg bruke spørsmålstegn?',19,'0',NULL,'joined',NULL,NULL),(372,'Boob',2,'793',NULL,'joined',NULL,3),(373,'Mordi',21,'4303',NULL,'joined',NULL,3),(374,'Prr',21,'54',NULL,'joined',NULL,2),(375,'Vero',21,'2133',NULL,'joined',NULL,1),(376,'Flaggermusmann',21,'0',NULL,'joined',NULL,3),(377,'Liz',21,'4299',NULL,'joined',NULL,1),(378,'Kahoot',21,'5234',NULL,'joined',NULL,0),(379,'Linnea',21,'0',NULL,'joined',NULL,NULL),(380,'Rrrrrrrrrrra',21,'3754',NULL,'joined',NULL,0),(381,'Bettina',21,'4862',NULL,'joined',NULL,1),(382,'beo',21,'3126',NULL,'joined',NULL,3),(383,'Kaviaren',21,'4398',NULL,'joined',NULL,1),(384,'James',21,'3407',NULL,'joined',NULL,1),(385,'Pippi',21,'4079',NULL,'joined',NULL,2),(386,'Strekkirompeballa',21,'4353',NULL,'joined',NULL,3),(387,'FuckKenneth',21,'5822',NULL,'joined',NULL,2),(388,'GjertKumfhjert',21,'2608',NULL,'joined',NULL,2),(389,'Granelli',21,'3017',NULL,'joined',NULL,2),(390,'Simen',21,'2611',NULL,'joined',NULL,2),(391,'Interrupter',21,'3267',NULL,'joined',NULL,0),(392,'DrikkMelk',21,'4956',NULL,'joined',NULL,1),(393,'Flaggermusmann2',21,'3028',NULL,'joined',NULL,3),(394,'Ed',21,'3878',NULL,'joined',NULL,2),(395,'Ananaspaapizza',21,'5613',NULL,'joined',NULL,3),(396,'Tavl',21,'3814',NULL,'joined',NULL,2),(397,'Kaare',21,'6309',NULL,'joined',NULL,2),(398,'Lordag',21,'2702',NULL,'joined',NULL,0),(399,'Bananen',21,'3246',NULL,'joined',NULL,3),(400,'Hallaballa',21,'722',NULL,'joined',NULL,3),(401,'hjhj',21,'0',NULL,'joined',NULL,NULL),(402,'Ttttt',21,'356',NULL,'joined',NULL,2);
UNLOCK TABLES;
commit;

--
-- Table structure for table `game_question`
--

DROP TABLE IF EXISTS `game_question`;
/*!40101 SET @saved_cs_client     = @@character_set_client */;
/*!40101 SET character_set_client = utf8mb4 */;
CREATE TABLE `game_question` (
  `id` int(11) NOT NULL AUTO_INCREMENT,
  `game_id` int(11) NOT NULL,
  `number_in_line` varchar(255) COLLATE latin1_danish_ci DEFAULT NULL,
  `status` varchar(255) COLLATE latin1_danish_ci DEFAULT NULL,
  `score` varchar(255) COLLATE latin1_danish_ci DEFAULT NULL,
  `text` varchar(1000) COLLATE latin1_danish_ci DEFAULT NULL,
  `description` varchar(1000) COLLATE latin1_danish_ci DEFAULT NULL,
  `alt1` varchar(1000) COLLATE latin1_danish_ci DEFAULT NULL,
  `alt2` varchar(1000) COLLATE latin1_danish_ci DEFAULT NULL,
  `alt3` varchar(1000) COLLATE latin1_danish_ci DEFAULT NULL,
  `alt4` varchar(1000) COLLATE latin1_danish_ci DEFAULT NULL,
  `correct` varchar(255) COLLATE latin1_danish_ci DEFAULT NULL,
  `time` varchar(255) COLLATE latin1_danish_ci DEFAULT NULL,
  `deleted` varchar(100) COLLATE latin1_danish_ci DEFAULT NULL,
  PRIMARY KEY (`id`),
  UNIQUE KEY `game_question_id_uindex` (`id`)
) ENGINE=InnoDB AUTO_INCREMENT=93 DEFAULT CHARSET=latin1 COLLATE=latin1_danish_ci;
/*!40101 SET character_set_client = @saved_cs_client */;

--
-- Dumping data for table `game_question`
--

LOCK TABLES `game_question` WRITE;
set autocommit=0;
INSERT INTO `game_question` VALUES (1,1,'1','started','1000','Hva er påske?','Ifølge kristendommen..','Jul','Påske','Vinter','Sommer','2',NULL,NULL),(2,2,'1','started','1000','Hvem er hun?','Halla gutt','Jeg må ha','Som Candice','Som Rosie','Yeah, yeah, yeah, ja, ja','4','10','1'),(3,2,'2','started','100','Jeg må ha ..','Ja','Ja','Nei','Balle','Kanskje','1','20',NULL),(4,2,'3',NULL,'1000','Hvor mye er klokka?',NULL,'Tre','Fem','Balle','Akkurat nå','3','10',NULL),(5,4,'1',NULL,'1000','Hvilken dato er Sankthansaften?',NULL,'22. juni','23. juni','24. juni','23. juli','2','10',NULL),(6,4,'2',NULL,'1000','Hvilket år synger DeLillos om i \"Neste sommer\"?',NULL,'1985','1973','1969','1993','4','10',NULL),(7,4,'3',NULL,'1000','Hvilken er ikke en Postgirobygget låt?',NULL,'Smak av honning','Tidløs','En solskinssdag','Potteplanten Lotte','1','10',NULL),(8,4,'4',NULL,'1000','I hvilket år vant \"Sommer og skolefri\" MGP JR?',NULL,'2002','2003','2004','2005','4','10',NULL),(9,4,'5',NULL,'1000','Hva er telefonnummeret til Kykelikokos?',NULL,'815 593 00','22 22 55 55','815 493 00','63 97 30 75','3','10',NULL),(10,5,'1',NULL,'1000','Hvem har orginalversjonen av White Christmas?',NULL,'Frank Sinatra','Bing Crosby','Kurt Nilsen','E.C. Dahls','2','10',NULL),(11,5,'2',NULL,'1000','Hvilket jubileum feierer Venners Jul i år?',NULL,'Kenneths 30-års jomfrudom','Aleksander Fjell er nå Norges høyeste fjell','84 år siden krystallnatten','10-års jubileum','4','10',NULL),(12,5,'3',NULL,'1000','Hvem av disse var størst på Jessheim VGS?',NULL,'Shoulder Cookie','Failbot','Marit','Søppelmannen','3','10',NULL),(13,5,'4',NULL,'1000','Hva er verdensrekorden i antall tær?',NULL,'10','12','14','16','4','10',NULL),(14,5,'5',NULL,'1000','Hvilken er ikke en norsk flyplass?',NULL,'Arlanda','Flesland','Værnes','Sola','1','10',NULL),(20,6,'1',NULL,'1000','Hvor mange turtleneck-gensere er det i Love Actually?',NULL,'17','21','27','31','3','10',NULL),(21,6,'2',NULL,'1000','Hvor mange Alene Hjemme filmer finnes det?',NULL,'2','3','5','6','4','10',NULL),(22,6,'3',NULL,'1000','Hvilket land vant Eurovision i år (2023)?',NULL,'Sverige','England','Israel','Tyrkia','1','10',NULL),(23,6,'4',NULL,'1000','Hva er valutaen i Sveits?',NULL,'Euro','Franc','Mark','Lire','2','10',NULL),(24,6,'5',NULL,'1000','Hvor mange hytter er det ca. i Norge?',NULL,'300 000','440 000','700 000','1 115 000','2','10',NULL),(25,6,'6',NULL,'1000','I hvilket tiår ble \"White Christmas\" utgitt?',NULL,'20-tallet','30-tallet','40-tallet','50-tallet','3','10',NULL),(26,6,'7',NULL,'1000','Hvem er ikke en norsk øl-produsent?',NULL,'Nøgene Ø','Aass','Rignes','Carlsberg','4','10',NULL),(27,6,'8',NULL,'1000','Hvilket er verdens største hav?',NULL,'Stillehavet','Atlanterhavet','Barentshavet','Kaspiske hav','1','10',NULL),(28,6,'9',NULL,'1000','Hvor mange OG Olsenbanden-filmer finnes det?',NULL,'5','10','14','23','3','10',NULL),(29,6,'10',NULL,'1000','Hvor arrangeres VM i Skreifiske?',NULL,'Bodø','Tromsø','Kautokeino','Svolvær','4','10',NULL),(30,6,'11',NULL,'1000','Hvilket jubileum feierer Venners Jul i år?',NULL,'Kenneths 30-års jomfrudom','10-års jubileum','84 år siden krystallnatten','15-års jubileum','2','10',NULL),(31,6,'12',NULL,'1000','Hva er akevitt laget av?',NULL,'Korn','Mais','Poteter','Balle','3','10',NULL),(32,6,'13',NULL,'1000','Hvor stor er årets Linie aquavit?',NULL,'1500 ml','300 ml','2000 ml','3 LITER','4','10',NULL),(33,2,'4','created','1000','test','','','','','','1','10',NULL),(34,2,'5','created','1000','','','','','','','1','10',NULL),(35,2,'6','created','1000','Nå ja!','','','','','','1','10',NULL),(36,8,'1','created','1000','rrrr','rrrrrrrrrr','1','2','3','4','1','10',NULL),(37,8,'2','created','1000','ffff','sfsf','5','6','7','9','3','10',NULL),(38,15,'1','created','1000','baddas','','as','sss','aaaa','asaasa','1','10',NULL),(39,16,'1','created','1000','ljbjl','','jljl','hjlhj','hjljh','hjlhj','1','10',NULL),(40,8,'3','created','1000','','','','','','','1','10','1'),(41,8,'3','created','1000','3','','','','','','1','10',NULL),(42,17,'1','created','1000','Spørsmål?','Nei','1','2','3','4','1','10',NULL),(43,19,'1','created','1000','Hvilket er Norges eldste bryggeri?','De lager øl','Aass','Ringnes','Frydenlund','Hansa','1','10',NULL),(44,19,'2','created','1000','Hvilket afrikansk land har ikke kystlinje?','Det ligger innenlands','Sveits','Etiopia','Botswana','Namibia','3','10',NULL),(45,19,'3','created','1000','Hva er høyest?','Ikke Wiz Khalifa','Oslo Plaza','Danmark','Wiz Khalifa','Mjøstårnet','2','10',NULL),(46,19,'4','created','1000','Hvor ligger Ægir bryggeri?','I Norge','Ålesund','Flåm','Bergen','Åndalsnes','2','10',NULL),(47,19,'5','created','1000','Hvilken er blå?','Den beste','Milwaukee','DeWalt','Grønn-Bosch','Makita','4','10',NULL),(48,19,'6','created','1000','Hvilket sted har postnummer 1337?','Utenfor Oslo','Sandvika','Asker','Rakkestad','Hamar','1','10',NULL),(49,19,'7','created','1000','Hva er valutaen i Sveits?','','Lira','Franc','Euro','Mark','2','10',NULL),(50,19,'8','created','1000','Hvor har Coca Cola sitt opphav?','USA','Atlanta','Jackson, Tennesse','Jackson, Mississippi','Jackson, Wyoming','1','10',NULL),(51,20,'1','created','1000','daw','awd','dwa','adw','','wda','1','10',NULL),(52,21,'1','created','1000','Hva er Norges eldste bryggeri?','Det ligger i Drammen','Aass','Frydenlund','Hansa','Carlsberg','1','10',NULL),(53,21,'2','created','1000','Hva er høyest?','Snoop dogg','Oslo Plaza','Danmark','Snoop Dogg','Drammen','4','10',NULL),(54,21,'3','created','1000','Hva er Norges eldste by?','Ikke Oslo','Trøgstad','Christiania','Tønsberg','Eidsvoll','3','10',NULL),(55,21,'4','created','1000','Hvor mange sisteplasser har Norge i Eurovision?','Mange','6','8','10','12','4','10',NULL),(56,21,'5','created','1000','Hvem er ikke en av disiplene til Jesus?','Han med skjegg','Judas','Filip','Noah','Johannes','3','10',NULL),(57,21,'6','created','1000','Hvilket ark er størst?','Det hvite','A3','A4','A5','B4','1','10',NULL),(58,21,'7','created','1000','Hvor arrangeres OL i år?','Europa','Paris','Vienna','Puerto Rico','Bremen','1','10',NULL),(59,21,'8','created','1000','Hvor arrangeres VM i Spark?','I nærheten','Gjøvik','Flisa','Tynset','Hurdal','4','10',NULL),(60,21,'9','created','1000','Hvilken etat er ikke en del av NAV?','Alle fra Hurdal vet dette.','Aetat','Trygdeetaten','Sosialtjenesten','Sivilombudet','4','10',NULL),(61,21,'10','created','1000','Hvor mye prosent alkohol er det i Jegermeister?','Masse','35','37,5','40','42','1','10',NULL),(62,22,'1','created','1000','Hvem av disse har ikke vært James Bond?','','Roger Moore','Pierce Brosnan','George Clooney','Daniel Craig','3','10',NULL),(63,22,'2','created','1000','Hvilket bilmerke forbindes med Taxi filmene?','Fransk','Peugeot','BMW','Mercedes','Alfa Romeo','1','10',NULL),(64,22,'3','created','1000','Hva betyr \"fem og en halv fjers\" på Dansk?','','35','75','85','55','2','10',NULL),(65,22,'4','created','1000','Hvilket parti var Olaug Bollestad del av frem til nylig?','','Frp','Ap','Høyre','Krf','4','10',NULL),(66,22,'5','created','1000','Hvor mange kalorier (ish) er det i en stor pakke Vestlandslefsa?','','200','400','600','800','4','10',NULL),(67,22,'6','created','1000','Hvem har slagordet: \"Klart du kan\"','','Coop Extra','Narvesen','Coop Obs Bygg','Maxbo','4','10',NULL),(68,22,'7','created','1000','Hvilket av stedene ligger lengst syd?','','Mosjøen','Brønnøysund','Bodø','Narvik','2','10',NULL),(69,22,'8','created','1000','Hva er romertallet LXIX','nice','69','42','23','1337','1','10',NULL),(70,22,'9','created','1000','Hvilken allianse tilhører SAS nå?','','Star Alliance','Oneworld','SkyTeam','WOW Alliance','3','10',NULL),(71,23,'1','created','1000','Hva heter egentlig Oscar-utdelingen?','Ikke Oscars','The Oscars','Golden Globe','Academy Awards','Gullruten','3','10',NULL),(72,23,'2','created','1000','Hvordan åpnet Martin Luther King talen til folket 28. august 1963?','Hei på dere','Hello on you','I have a dream','Yes we can','Make America Great Again','2','10',NULL),(73,23,'3','created','1000','Hva var Fornebus IATA kode?','OSL','FBU','OSL','FUU','IDK','1','10',NULL),(74,23,'4','created','1000','Hvor starter E16 (i vest)?','Ikke i Norge','Londonderry, Nord-Irland','Glasgow, Skottland','Bergen, Norge','Hønefoss, Norge','1','10',NULL),(75,23,'5','created','1000','Hvor mange ganger har Gävlebukken brent ned?','Flere enn du tror','5','15','25','30+','4','10',NULL),(76,23,'6','created','1000','Hva heter bygningen som blir okkupert i julefilmen Die Hard?','God jul','California center','Fukushima building','Nakatomi Plaza','Mjøstårnet','3','10',NULL),(77,23,'7','created','1000','Hvor produseres Lillehammer og Hamar julebrusen?','Ikke i innlandet','Gjelleråsen','Lillehammer','Hamar','Kongsvinger','1','10',NULL),(78,23,'8','created','1000','Hvilken fiskeart forbindes oftest med retten lutefisk?','','Lodde','Kølle','Laks','Torsk','4','10',NULL),(79,23,'9','created','1000','Hvilken norsk konge falt under Slaget om Svolder (år 999)?','','Harald Hårfagre','Olav Tryggvason','Olav den hellige','Kong Harald V','2','10',NULL),(80,23,'10','created','1000','Hva heter Norges største gassfelt?','Troll','Troll','Frigg','Ormen Lange','Sleipner','1','10',NULL),(81,24,'1','created','1000','USA: Hvem var president nummer 40?','Ikke Orange-man','Donald Trump','Bill Clinton','Ronald Reagan','Richard Nixon','3','10',NULL),(82,24,'2','created','1000','Hvilket land har verdens høyeste laveste punkt? ','I et landbundet land','Lesotho','Bolivia','Andorra','Spania','1','10',NULL),(83,24,'3','created','1000','Hva testes i en Captcha-test?','Ikke vær en båt','At du er en bot','At du ikke er en bot','At du er en båt','At du ikke er en båt','2','10',NULL),(84,24,'4','created','1000','Hvilken er Europas lengste grense?','Den er 1620 km','Norge-Sverige','Tyskland-Italia','Finland-Sverige','Finland-Russland','1','10',NULL),(85,24,'5','created','1000','Hvilket år var falklandskrigen?','1900-tallet','1620','1816','1954','1982','4','10',NULL),(86,24,'6','created','1000','Ett grunnstoff er felles for alt organisk materiale, hvilket? ','Ikke Volvo','Koffein','Karbon','Oksygen','Volvo 240','2','10',NULL),(87,24,'7','created','1000','Fra hvilket land kommer egentlig ølen San Miguel? ','Sørøst-Asia','Filippinene','Spania','San Marino','Indonesia','1','10',NULL),(88,24,'8','created','1000','Hva mener svenskene når de sier \"pumpa\"?','Tjena','Pumpe (duh)','Drita','The act of mating','Gresskar','4','10',NULL),(89,24,'9','created','1000','Hva heter bøkene GOT er baser på?','','Lord of the Rings','A song of Ice and Fire','Winter is Coming','The Hobbit','2','10',NULL),(90,24,'10','created','1000','Hva kreves for å varme 1 gram vann 1 grad?','Energi','1 kalori','1 joule','1 kW/h','1 karbohydrat ','1','10',NULL),(91,24,'11','created','1000','Hvordan skrives \"Ståa\"?','Ikke som du tror','STÅA','STAAA','SCHTÅA','STODA','1','10','1'),(92,26,'1','created','1000','Lol','','Lol','Lol','Lol','Lol','1','10',NULL);
UNLOCK TABLES;
commit;

--
-- Table structure for table `network`
--

DROP TABLE IF EXISTS `network`;
/*!40101 SET @saved_cs_client     = @@character_set_client */;
/*!40101 SET character_set_client = utf8mb4 */;
CREATE TABLE `network` (
  `TeleportId` int(255) NOT NULL,
  `NetworkId` int(255) NOT NULL,
  `NetworkName` varchar(255) NOT NULL,
  `MaxUpstreamBW` int(255) NOT NULL,
  `MaxDownstreamBW` int(255) NOT NULL,
  `ACMGain` int(255) NOT NULL,
  PRIMARY KEY (`NetworkId`)
) ENGINE=InnoDB DEFAULT CHARSET=latin1;
/*!40101 SET character_set_client = @saved_cs_client */;

--
-- Dumping data for table `network`
--

LOCK TABLES `network` WRITE;
set autocommit=0;
INSERT INTO `network` VALUES (1,1,'IS1002 - SLG D - Managed Service EU',2369000,9031000,140),(1,8,'Thor6 - TMR',0,0,150),(1,10,'E36b - EU',0,0,0),(3,12,'IS1002 - Spot 2 - Managed Service ME S2',0,0,0),(1,15,'T12 - SLG C - Hybrid Network',1986000,4609000,150),(1,16,'Thor 5 T2 - Managed Service',9272000,24350000,150),(1,17,'T11n - Africa',1838000,4977000,0),(1,18,'T11n - EU',276000,1244000,130),(1,20,'T11n - Caribbean',1079000,3406000,0),(5,21,'T14R - Atlantic',267000,772000,0);
UNLOCK TABLES;
commit;

--
-- Table structure for table `poll`
--

DROP TABLE IF EXISTS `poll`;
/*!40101 SET @saved_cs_client     = @@character_set_client */;
/*!40101 SET character_set_client = utf8mb4 */;
CREATE TABLE `poll` (
  `id` int(11) NOT NULL,
  `answer` varchar(45) COLLATE latin1_danish_ci DEFAULT NULL,
  `date` varchar(45) COLLATE latin1_danish_ci DEFAULT NULL,
  PRIMARY KEY (`id`)
) ENGINE=InnoDB DEFAULT CHARSET=latin1 COLLATE=latin1_danish_ci;
/*!40101 SET character_set_client = @saved_cs_client */;

--
-- Dumping data for table `poll`
--

LOCK TABLES `poll` WRITE;
set autocommit=0;
UNLOCK TABLES;
commit;

--
-- Table structure for table `posts`
--

DROP TABLE IF EXISTS `posts`;
/*!40101 SET @saved_cs_client     = @@character_set_client */;
/*!40101 SET character_set_client = utf8mb4 */;
CREATE TABLE `posts` (
  `id` int(11) NOT NULL AUTO_INCREMENT,
  `user` varchar(255) COLLATE latin1_danish_ci NOT NULL,
  `body` varchar(140) COLLATE latin1_danish_ci NOT NULL,
  `stamp` datetime NOT NULL,
  PRIMARY KEY (`id`)
) ENGINE=MyISAM AUTO_INCREMENT=143 DEFAULT CHARSET=latin1 COLLATE=latin1_danish_ci;
/*!40101 SET character_set_client = @saved_cs_client */;

--
-- Dumping data for table `posts`
--

LOCK TABLES `posts` WRITE;
set autocommit=0;
INSERT INTO `posts` VALUES (1,'Flobak','jhjh','1989-08-20 05:20:45'),(115,'jhel','<img src=\"https://example.com/\" fallback=\"alert(\"banananananananaana\")\"/>','2018-06-05 15:11:17'),(122,'rolf','gg','2020-03-18 13:10:09'),(112,'jhel','hellu','2018-06-05 15:08:45'),(113,'jhel','\'--','2018-06-05 15:09:12'),(114,'jhel','<img src=\"https://example.com/\" fallback=\"alert(\"banananananananaana\")\"/>','2018-06-05 15:10:46'),(108,'rolf','1 OR 1=1','2016-10-25 14:01:10'),(109,'Halla','Større enn facebook ila. uken!','2017-02-16 11:43:09'),(123,'hack','Holla hackers!','2020-03-18 15:47:43'),(104,'rolf','1 AND 1=1','2016-10-25 14:01:10'),(105,'rolf','1 EXEC XP_','2016-10-25 14:01:10'),(106,'rolf','1\'1','2016-10-25 14:01:10'),(107,'rolf','1\' OR \'1\'=\'1','2016-10-25 14:01:10'),(102,'rolf','1\' AND 1=(SELECT COUNT(*) FROM tablenames); --','2016-10-25 14:01:10'),(103,'rolf','1 AND USER_NAME() = \'dbo\'','2016-10-25 14:01:10'),(99,'rolf','1\' AND non_existant_table = \'1','2016-10-25 14:01:10'),(100,'rolf','1\'1','2016-10-25 14:01:10'),(101,'rolf','\'; DESC users; --','2016-10-25 14:01:10'),(98,'rolf','\' OR username IS NOT NULL OR username = \'','2016-10-25 14:01:10'),(97,'rolf','1 AND ASCII(LOWER(SUBSTRING((SELECT TOP 1 name FROM sysobjects WHERE xtype=\'U\'), 1, 1))) > 116','2016-10-25 14:01:10'),(96,'rolf','1 UNION ALL SELECT 1,2,3,4,5,6,name FROM sysObjects WHERE xtype = \'U\' --','2016-10-25 14:01:10'),(90,'Halla','<style=\"font-color:blue;\">YOLO</style>','2016-09-27 16:47:38'),(91,'Halla','<style=\"color:blue;\">YOLO</style>','2016-09-27 16:47:55'),(132,'rolf','Yo','2020-03-21 21:34:37'),(59,'test','yolo','2015-02-09 16:21:32'),(49,'sverrets','einarflobak','2014-09-17 22:29:17'),(50,'adrian','\\o/','2014-09-22 15:10:37'),(51,'sindrees','Herlig','2014-09-22 15:13:10'),(52,'adrian','\' -- wat?','2014-09-22 15:14:07'),(53,'sindrees','\"I løpet av uka, kanskje det tar helt av\" -Flobak','2014-09-22 15:14:52'),(60,'HIlde','hei!','2015-02-14 15:12:50'),(55,'Flobak','halla','2014-09-22 15:17:59'),(56,'sindrees','yo\r\n','2014-09-22 15:20:35'),(57,'bestemo10','da fuuuuQ detta er jo bare sånn B-ta\r\nfår se hva som skjer NiggaZ','2014-09-22 23:18:02'),(93,'rolf','yolo','2016-10-25 13:50:26'),(94,'rolf','1\' OR \'1\'=\'1','2016-10-25 14:01:10'),(95,'rolf','1 UNI/**/ON SELECT ALL FROM WHERE','2016-10-25 14:01:10'),(133,'Bjarne','katt','2020-03-24 20:32:31'),(134,'hack','hund','2020-03-25 13:54:58'),(135,'Cookie','Ok','2020-07-22 14:24:26'),(136,'Bjarne','Yo','2020-07-22 14:24:32'),(137,'Cookie','Plzz','2020-07-22 14:24:58'),(138,'kawaiineko','high quality hackerchat\r\n','2020-09-07 18:00:44'),(117,'rashedhossanbd85','d','2019-02-08 15:18:57'),(118,'rolf','ertyrey\r\n','2019-02-21 18:14:15'),(119,'Miravva','fantastic','2019-04-13 06:57:08'),(139,'hack','Holla ','2020-11-09 13:20:34'),(140,'H&aring;kon','Er det her det er party?','2021-02-04 09:33:28'),(141,'einar?','hei','2021-06-23 12:51:01'),(142,'hack','asasa','2023-01-19 10:11:29');
UNLOCK TABLES;
commit;

--
-- Table structure for table `redir`
--

DROP TABLE IF EXISTS `redir`;
/*!40101 SET @saved_cs_client     = @@character_set_client */;
/*!40101 SET character_set_client = utf8mb4 */;
CREATE TABLE `redir` (
  `Enhet` int(11) NOT NULL AUTO_INCREMENT,
  `Eier` varchar(255) COLLATE latin1_danish_ci DEFAULT NULL,
  `Innkomende` varchar(255) COLLATE latin1_danish_ci DEFAULT NULL,
  `Utgående` varchar(255) COLLATE latin1_danish_ci DEFAULT NULL,
  `Navn` varchar(255) COLLATE latin1_danish_ci DEFAULT NULL,
  `Beskrivelse` varchar(255) COLLATE latin1_danish_ci DEFAULT NULL,
  PRIMARY KEY (`Enhet`)
) ENGINE=InnoDB DEFAULT CHARSET=latin1 COLLATE=latin1_danish_ci;
/*!40101 SET character_set_client = @saved_cs_client */;

--
-- Dumping data for table `redir`
--

LOCK TABLES `redir` WRITE;
set autocommit=0;
UNLOCK TABLES;
commit;

--
-- Table structure for table `ref`
--

DROP TABLE IF EXISTS `ref`;
/*!40101 SET @saved_cs_client     = @@character_set_client */;
/*!40101 SET character_set_client = utf8mb4 */;
CREATE TABLE `ref` (
  `ID` int(11) NOT NULL AUTO_INCREMENT,
  `EIER` varchar(255) COLLATE latin1_danish_ci NOT NULL,
  `LINK` varchar(255) COLLATE latin1_danish_ci NOT NULL,
  `NAVN` varchar(255) COLLATE latin1_danish_ci NOT NULL,
  PRIMARY KEY (`ID`)
) ENGINE=InnoDB AUTO_INCREMENT=16 DEFAULT CHARSET=latin1 COLLATE=latin1_danish_ci;
/*!40101 SET character_set_client = @saved_cs_client */;

--
-- Dumping data for table `ref`
--

LOCK TABLES `ref` WRITE;
set autocommit=0;
INSERT INTO `ref` VALUES (1,'rolf','http://youtu.be/4DjdJydl-ds','test'),(2,'rolf','Https://idtravel.sas.se','morro'),(3,'test','http://www.cosytech.net/','Dogetek'),(4,'rolf','http://www.9gag.com/','cggg'),(5,'rolf','http://www.dogetek.no/','dsfg'),(6,'karstein','http://www.ntnu.no/ig','SAS'),(7,'karstein','https://m.facebook.com/SimenFoyn?refsrc=http%3A%2F%2Fwww.google.no%2F&_rdr','SAS'),(8,'karstein','http://www.sas.se/','SAS Sverige'),(9,'karstein','http://www.dogetek.no/','Scandinavian Airline System'),(10,'karstein','https://www.google.no/search?q=neger&source=lnms&tbm=isch&sa=X&ei=mYBiVM--IoTIPK_LgPAH&ved=0CAcQ_AUoAQ&biw=360&bih=592#facrc=_&imgrc=bZX-q7t6bVhEHM%253A%3BgG_FGIhacPi81M%3Bhttp%253A%252F%252Fdata.boomerang.nl%252Fk%252Fkalekip%252Fimage%252Fjan-kees-de-ne','IDTravel'),(11,'karstein','http://www.aftenposten.no','Avis'),(12,'bertil','http://www.vg.no/','Enhet 1'),(13,'bertil','http://www.rb.no/','Enhet 2'),(14,'bertil','http://www.aftenposten.no/','Enhet 3'),(15,'joakimsk','http://sparkntnu.no','Test');
UNLOCK TABLES;
commit;

--
-- Table structure for table `users`
--

DROP TABLE IF EXISTS `users`;
/*!40101 SET @saved_cs_client     = @@character_set_client */;
/*!40101 SET character_set_client = utf8mb4 */;
CREATE TABLE `users` (
  `id` int(11) NOT NULL AUTO_INCREMENT,
  `username` varchar(255) COLLATE utf8_unicode_ci NOT NULL,
  `password` char(64) COLLATE utf8_unicode_ci NOT NULL,
  `salt` char(16) COLLATE utf8_unicode_ci NOT NULL,
  `email` varchar(255) COLLATE utf8_unicode_ci NOT NULL,
  PRIMARY KEY (`id`),
  UNIQUE KEY `username` (`username`),
  UNIQUE KEY `email` (`email`)
) ENGINE=InnoDB AUTO_INCREMENT=74 DEFAULT CHARSET=utf8 COLLATE=utf8_unicode_ci;
/*!40101 SET character_set_client = @saved_cs_client */;

--
-- Dumping data for table `users`
--

LOCK TABLES `users` WRITE;
set autocommit=0;
INSERT INTO `users` VALUES (1,'einar','3edee21acc375ef5a50758a43cc2624d9648a68e2ff5df71140288e528d528a7','3774b54c1ea13e01','einar@dogetek.no'),(2,'test','aa41ccc912dcfc4ca74c88ab3516d46766d72e6a01207370de11a30198b367c7','641b151f4cc7c1e5','test@test.no'),(3,'rolf','e32374f0a12095831c192dbf25bbdc15440ce9991c7844bfd5ac8f3a633e648e','ad28a35232714f7','rolf@rofl.no'),(4,'Flobak','0b76efb57c53f53dfdb2304893815e379e3925d49a2f4234eaa4a5a7494a92e5','357f3db14380dc6c','flobak@online.no'),(5,'Cookie','f9f9742281977ae63d0d7592383439c5407052f67fc5f211094a12b8f5e64c9b','6a824815f01acf7','Snikende_sovepose@hotmail.com'),(6,'Test2','4be2c587948d6da658c7d7c51947b22a41d9677136c6c2c8aba9a9fbe5085cb0','1e2bc7ee7b92fdce','epost@adresse.no'),(7,'sverrets','5243a0216a211c7d9375540d218a6c056deb1b4ec468be650a55bde6fe3ea7b8','3400a8dc6c850be2','sverre_turtsand@hotmail.com'),(8,'adrian','88849d2da342a3b934fda21ed00f2e4ff130b21e525a80ac6d4fb8e7dd64fb98','10d147d744952c05','adrian@aeriksen.com'),(9,'sindrees','d06d54b04472ddf0a8ba95bc75e89cfa8938c7fec045fc75d74fe1859a746e78','3937c5e91ab7ce4e','sindre0@hotmail.com'),(10,'bestemo10','3c014a97389e69ca7b603b94abf35804a2e3b937bc79f97bbc86de0971a89d18','a957a110510196','peders10@hotmail.com'),(11,'Brag1','91f75694a52a79724cc2907c78f378557be9d89c3db534f3d18e90e5b6fd5497','71b7bc771f5915e0','brage.dahlen@gmail.com'),(12,'Bjarne','84b9749a7502ad4c5f9e704f203f3a51d409dbde2f7c5e9687e68956464e96c7','2f68ba7f4f51076e','bjarne@cosytech.no'),(13,'jQrgen','cb3a0c5143c47bdf958906edbe4bea448599eea8654130c3daa09e7145fc5e2b','4a0a6f2d7f6e1397','jorgen.notland@gmail.com'),(14,'admin','e3ac5bce6a77c849eeff8ec49a68226bc943c1fbdfd54b00fbfb114cceb3890f','27a10dfd658d05b','einar@cosytech.net'),(15,'Test123','a237457101c083210fb97cf369370b0d2f337a6a7348465ed4623cc8f75984dd','6765297c4073d20d','halla@halla.jalla'),(16,'karstein','a0b2ea42bdc4f7d42a6a949c51be9e0beb09a2a8f6db2ba46e18917bf910b7a0','6c8161a86f62a17f','karstein@dogetek.no'),(17,'bertil','aac73742bdbc1224f3c4c3146349711e2cd689bfe10d3225f86aaa2574cf95bc','3b77414848c202b3','bertil@dogetek.no'),(18,'joakimsk','387daef966b0b16efbeb0875d19b202327bf409b17211d2f234cfa4fe1a4ee89','31cad8b45cf6127d','joakim@cosytech.net'),(19,'HIlde','43ec10a0a825137b1ed867ec5cf055effd73d3b3026c25878566807a051d818f','f7088f22955d820','hildemn@online.no'),(20,'Halla','07b36b444ca7bdf64ad9885d145247b4110f3e7335f59c761b9d6e044ecbaa35','39123cbd6cf65b9d','mail@mail.mo'),(21,'Bruker','07fb52d48c80775db93badb9d4ad56b86d02c26602ce4b242feb838c72553984','76aa44723e7030a5','einar@dsf.nd'),(22,'123','5fa4b22bccbc377d751ce40e0fdbaa2ecce9411f6fcf5f662e0852f44dc582a7','15cb57ef1bb22bec','123@123.com'),(23,'rokas','b7433696216f6f2e16999f908ff9234e','',''),(24,'Testbruker','20efe8b2e6f9b5d9be9af478a16939049dd9b80706e5d418bd3255192bd46173','303e982b18fb7b46','epost@epost.no'),(25,'hack','cbf73cb90ad44f079636dc746b88e5edd40b400c57a5897b8f62a98f928dbb77','6b3fb2394a462b0c','hack@me.no'),(26,'Prrr','ba78377e3cf2b901401ac29d00e18a64e598c9c03c4cae6794afaa520a163ba4','568993ce1bd5a6a','Per_mar_edv@null.net'),(27,'crackme','dc52bcfd5d04455a6698f37d0b48eb7ce96bbcab5e317b0624713d3818006cc5','55d5af2d33d5d72b','test@example.com'),(28,'Jalla','0342c6cf81f98aed121cff82b8815f2f7ffa4e819fe6e58a401afdcdc2c00545','25ea57d93a895bc7','Hola@golge.no'),(29,'Eira','c4e90139f6ab7902ab5ca2de4a18876c48c082b27ad55691b3b1e045d48a23f1','7b53052044a2ed55','Eiraw347@hotmail.com'),(30,'jhel','a2bf8c2f12accaceab7637078a888524d438880fef348ba8e69e4922d3c6ca58','5a00c31779932a4','jhel@netlight.com'),(31,'khol','cc3f36275dd0df111a5aee28b040ebe8fde4cbe24e02a6e8c0b9a41bd2808ef0','378ee64f6c1d636','kristian@hole.priv.no'),(32,'komeng1933','e7dce07e219fcc95f8c128d9b6178eb8076b742d9319a05d07487506259bdb78','34af1e517f1ac7dc','rohman.bani10@gmail.com'),(33,'D8sNYrbLbKkcaSMAHGug8S49aJLsupkfo7','7c84bafa9d9dab0b423d766072d0b04361e5582198ff31d7cf99fcbc942d5ee9','524e059f61072ae0','xinoyznoiz20@gmail.com'),(34,'Rodrigo fernando correa feltes','fd266fb214f2c82aaf57716a59de74e87d8bff34fc46667a62c76f3cfaad2615','4a938b584becf792','www.rodrigofeltes@gmail.com'),(35,'Inder19','7057e9ef93284a47fdda0c4d8f36f07f3875ea1e15fe2f386a26abc4b44cf260','e8890b461d1e01a','inder.dhindsa.pcp7@gmail.com'),(36,'polathaat','77d160b41f301c4472203da86434b61431edcaee9e6ccfec67bdda651117ae02','2d507dd1536690d5','polathaat@gmail.com'),(37,'AKCA','89142cc87ac704627f445625a6457fc7f6328fe080607884f999fbd1c343597e','79e12784b05840b','angercy1er@gmail.com'),(38,'satria15','027243b71243c8a254233756b50036a764246fa2b98c05f765f18e9d209adc80','63f05b4349506c2c','usepsukanda@rocketmail.com'),(39,'chiatu007','421f92568ff6e0b1113d491b4b8541ad128957f2d0bb8c4b0c271dcfab405c55','21e03bf37d0cd160','chiatu007@gmail.com'),(40,'thossen','d81da3deb41c090a49b9c42d4d4243d259a8dd6361855da0d7f5bbd9af586b13','d6d64b759db7587','towfiqraj@gmail.com'),(41,'Kodar17','e198a2fd49363a55db999aa4e01e40a32b9b3ea0c1032c084cc85d0edaa3b4f5','bcda476427ab71d','kodar602@gmail.com'),(42,'angga.oktarian12@gmail.com','e276ecdeb58069c9beadce61d8163efba61bf6c732194f1a7814485c669db96e','653ace6d3786e5f5','angga.oktarian12@gmail.com'),(43,'SaeedMardane','f6b03cd78d36e133162f63ecb5209aea6ecf738c11bdb8b18ba0b4e009db8a00','1a7e19441abdefff','mardanibacha55@gmail.com'),(44,'DLHQmyRmAMcuUzfQ5jUCfpLr9ttoZUhpnr','5c6fd1fa08a10a8cbde762d7525418d7bbeb9ae7ead5f131b39127a3923a8786','2d5222422c273214','za853969@gmail.com'),(45,'rashedhossanbd85','ce3aafc3194a35ec20001bf4b902ca10f0475e59494397bc7095dd97a937bf03','21c96ec36ca00c75','rashedhossanbd85@gmail.com'),(46,'Rafles','31f8aa3fd80963e87711760b2ff7949a10d84b0a1badc0a86ece7309123784b8','43b92315497044b8','kucingmpok@gmail.com'),(47,'edge','7117535b6ae535dd51ac56f606ac59d1f113e865249900964421e0277c138226','5abab6ad131a6b43','Edge@netlight.com'),(48,'Ikifa','b0735017a75f45c955abb63c4bc06540461bfdc2831cdabac21e04889f5406b5','51f0d94556978f6','ultayuniarti2@gmail.com'),(49,'ali666','eb9ad8135f1a84f0d140db1e5320196caeea5ad9a1eb51e22be3bfe12deed6be','5fd880be3bdb570','alisafre66@gmail.com'),(50,'Ehsanfazeli','bc2e6d95d920e7080493907ddc8cb5c565c49ca486bb369e28366f15e803ce6b','3e5daead1a9c80a2','ehsanfazeli.e@gmail.com'),(51,'ehsanfazeli.e','3d4d78de768a798279c6afd74c0ed6a12cd5f99ac9c2be788449d43fece1bc5b','3a6037045960c8','ehsanfazeli.iran@gmail.com'),(52,'Miravva','bc97f06d39c328b62b5b6d78139e4d4da4e6a3504847f5bb52c7431bc07b5a91','4396786873a91e13','RahmatRasouli4941@gmail.com'),(53,'milad','cdef2286ba153c3c017fc29dd22d4e5db293f4de6fa32e56293f806c9d4d7d6a','6596f79b846683d','miladhardani95@gmail.com'),(54,'JanAlam','6ec8af6c97662961a7912fcd0bbbdf0344c89616d12e41014ae07c7bb416c0c7','55a707c03a597926','Janalamofficial@gmail.com'),(55,'Nigger','0c6aeb918e70d81566023b50cf5d791a886f2c044d63842f06142bdd08980ee0','723521af2b481db6','Mcnigger@mcdonalds.com'),(56,'Jepp','ec240d530367d016ff86a2b0b1b7115e283b43fcb1832309625c341c9b8ca6a5','788f5d6f5976d4b4','Jepp@jepp.jepp'),(57,'rolfern','3c87cd80ea1ec41d65b3e75dd07a16100edd4843a7d5554138d4cb653bc14ad9','6c0ae6a6cbcee5f','rolfern@norge.no'),(58,'helleu','61693148b3f75f683f8856d9797fa7aaa0aa03ff04c375aa64aa485490986f77','ee7cfa72b3be0dd','helleh@ho.com'),(59,'kawaiineko','8a70de5e8d3330bbccec1cfce841e8f9f0c4a831434daa65234e2f2266e0e167','1e2dab2b667ddd21','zwnwtcwzbtnnzcmhpu@wqcefp.online'),(60,'BILUVASI','8f2ef262c501d8c88d964b4812b6021d8fbb8726f901ad90f7a2a1cd3b0bcb92','716c37e515ad222f','vleanca@yahoo.com'),(61,'Håkon','db619320302e6195bac7535b6ee9e84ab24bd23f2cb5257640073756c32c4ebf','6429332e3f92d18a','hbingen@online.no'),(62,'intradoge','a0aae585d99991861f0d3ca6729c0a7524810952d896fae9119a1d5eccf1778e','4f9879893a68216d','bruker@dogetek.no'),(63,'6969','519d32f025555142c0f497731ad35ebd5f85da48496a151b496bb395ebc4de9b','5b861cb874c27210','varandkjer@gmail.com'),(64,'einar?','964181cf2155236855e7de1e2196b696769bbb163c89dda9ac6d1a0249206d64','37f82974d7f4a45','einar@einar.no'),(65,'sanob','759aadbd92d3bcde6d8c09565de5b78e2d595be09065703b853a6aa3a0c02814','3c3b5bb0558d1b6c','sanob@givmail.com'),(66,'kgfop','e52bdaa87ea577723f6628051e5d584948e1052a3fc7edcebd9478f52b04ba30','5f574cde52e842c0','fcheema959@gmail.com'),(67,'test37','37296d64e974097a29900cc43b605b139bfe16dd723318d4d576ee0044c6f00d','360061d265db986e','test@test37.no'),(68,'Hello World! https://1us1ms.com?hs=9104bbd61eb0f901eb7eb5e0af23ef09&','60dbb82dfc9320be889be9be82a75f47ba210d378892d6fa23daedbda689e969','50016f962ee122e7','l49v1x@mailto.plus'),(69,'hax','0aaa0227491dfdb7eecb613294f6e9b45626c6e8863844ba3b2de445aa585905','ca3f71362756f8c','hax@hackers.no'),(70,'1234','976802bba144248713f5e70cdfc28f5da13f78375973a35226b47c828122ed9a','21d2ab0f230b63e','test@test.norge'),(71,'hanz','ed1fcd6253a46dd20be8b16e9c3280f3c4d3c6fd92ab82c2e6bfeb4b0a2b2689','1db204a569966efc','hanzypantz@gmail.com'),(72,'* * * Apple iPhone 15 Free: https://www.ibnbookkeepingservices.com/uploads/go.php * * * hs=9104bbd61eb0f901eb7eb5e0af23ef09*','f4355be07ca9e1da57de48d1f24b2da440df8322be3af4e38b1d176d5b53fcd0','46c1dda32ee24e35','okebepu@merepost.com'),(73,'* * * Claim Free iPhone 15: https://tabiboba.com/uploads/9nyj75.php?94imnzs * * * hs=9104bbd61eb0f901eb7eb5e0af23ef09*','1e6208203527a62a312f001f043918d4788627bb1d1e0650c4fd0d58235fbf7a','6a5f60ca3cda0dbb','pazapz@mailbox.in.ua');
UNLOCK TABLES;
commit;

--
-- Dumping routines for database 'dogetek'
--

--
-- Final view structure for view `brukerer`
--

/*!50001 DROP VIEW IF EXISTS `brukerer`*/;
/*!50001 SET @saved_cs_client          = @@character_set_client */;
/*!50001 SET @saved_cs_results         = @@character_set_results */;
/*!50001 SET @saved_col_connection     = @@collation_connection */;
/*!50001 SET character_set_client      = utf8 */;
/*!50001 SET character_set_results     = utf8 */;
/*!50001 SET collation_connection      = utf8_general_ci */;
/*!50001 CREATE ALGORITHM=UNDEFINED */
/*!50013 DEFINER=`dogetek`@`%` SQL SECURITY DEFINER */
/*!50001 VIEW `brukerer` AS select `users`.`username` AS `username` from `users` */;
/*!50001 SET character_set_client      = @saved_cs_client */;
/*!50001 SET character_set_results     = @saved_cs_results */;
/*!50001 SET collation_connection      = @saved_col_connection */;
/*!40103 SET TIME_ZONE=@OLD_TIME_ZONE */;

/*!40101 SET SQL_MODE=@OLD_SQL_MODE */;
/*!40014 SET FOREIGN_KEY_CHECKS=@OLD_FOREIGN_KEY_CHECKS */;
/*!40014 SET UNIQUE_CHECKS=@OLD_UNIQUE_CHECKS */;
/*!40101 SET CHARACTER_SET_CLIENT=@OLD_CHARACTER_SET_CLIENT */;
/*!40101 SET CHARACTER_SET_RESULTS=@OLD_CHARACTER_SET_RESULTS */;
/*!40101 SET COLLATION_CONNECTION=@OLD_COLLATION_CONNECTION */;
/*!40111 SET SQL_NOTES=@OLD_SQL_NOTES */;

-- Dump completed on 2025-08-11 17:05:33
